name,category,serving_size_g,calories,sodium_mg,sugar_g,carbs_g,protein_g,fat_g,sample_count
가래떡,빵 및 과자류,100.0,205.0,241.0,0.03,46.11,3.92,0.51,3
가오리찜,찜류,400.0,189.0,532.0,2.16,11.02,30.09,3.91,2
가오리콩나물찜,찜류,600.0,174.0,666.0,4.14,21.0,16.08,5.04,1
가오리회무침,생채·무침류,270.0,126.9,442.8,9.56,17.47,12.69,1.27,2
가자미 매운탕,찌개 및 전골류,550.0,170.5,668.2,2.04,7.97,24.48,4.48,2
가자미구이,구이류,145.0,190.7,521.0,0.01,1.48,23.1,9.07,6
가자미식해,젓갈류,250.0,335.0,1712.5,9.28,29.1,27.73,12.03,1
가자미조림,조림류,188.8,164.3,651.4,1.74,6.87,22.12,3.84,5
가자미찜,찜류,170.8,132.4,588.4,1.32,4.66,20.07,3.33,2
가자미튀김,튀김류,78.5,111.0,323.2,0.0,3.02,8.44,6.79,4
가죽나물무침,생채·무침류,80.0,60.8,220.8,3.05,8.04,4.66,1.08,1
가지김치,김치류,100.0,36.0,1592.0,2.45,6.22,2.1,0.77,1
가지나물,나물·숙채류,50.0,25.2,230.1,1.17,3.19,1.02,1.1,5
가지냉국,국 및 탕류,160.0,30.4,1046.4,2.24,5.47,1.76,0.62,1
가지볶음,볶음류,60.0,21.0,124.2,0.99,2.02,0.55,1.3,3
가지전,전·적 및 부침류,200.0,110.0,518.2,1.63,10.83,3.09,5.92,5
가지찜,찜류,77.2,92.7,310.3,2.04,7.9,4.33,4.84,2
가지탕수,튀김류,195.4,300.9,461.1,8.19,41.44,4.3,12.7,3
간자장,면 및 만두류,725.0,1032.8,2738.5,16.92,167.52,34.36,23.46,4
간재미회무침,생채·무침류,270.0,126.9,442.8,9.64,17.47,12.77,1.27,1
갈매기살구이,구이류,100.0,312.0,124.0,0.0,0.28,26.98,22.6,1
갈비구이,구이류,150.0,481.5,549.0,6.69,7.13,27.11,35.3,5
갈비찜,찜류,300.0,495.0,816.0,4.33,20.85,49.85,19.71,3
갈비탕,국 및 탕류,521.4,282.1,471.1,0.71,6.65,15.9,13.68,6
갈치구이,구이류,125.0,206.5,434.1,0.0,3.35,15.85,11.7,10
갈치젓,젓갈류,90.0,134.1,4520.7,4.42,9.25,13.98,4.57,1
갈치조림,조림류,95.0,87.9,282.1,1.97,5.51,8.05,3.58,3
갈치찌개,찌개 및 전골류,341.9,138.8,722.2,2.77,8.53,14.62,5.35,4
갈치튀김,튀김류,100.0,78.0,172.0,0.0,1.85,4.6,5.47,2
감바스,볶음류,641.0,1539.8,2491.2,9.36,121.79,47.09,131.73,3
감자,찜류,200.0,140.0,6.0,1.72,30.02,4.32,0.32,1
감자 된장국,국 및 탕류,256.7,66.1,545.8,0.83,9.16,4.56,1.26,4
감자 소고기찌개,찌개 및 전골류,204.0,106.1,610.0,1.39,8.26,6.94,5.0,3
감자 호박된장국,국 및 탕류,320.0,80.0,1206.4,1.76,11.23,6.72,1.38,1
감자구이,구이류,109.0,119.1,53.9,0.61,17.9,2.27,4.43,4
감자국,국 및 탕류,240.0,56.4,501.1,0.51,10.92,2.77,0.64,8
감자그라탕,구이류,47.6,65.7,185.6,0.61,6.2,1.95,3.72,3
감자밥,밥류,261.5,339.9,5.2,0.03,74.4,6.28,0.37,1
감자범벅,"곡류, 서류 제품",112.3,106.7,673.8,4.99,24.6,2.58,0.06,3
감자볶음,볶음류,101.3,84.6,276.2,0.79,9.52,2.53,3.19,31
감자샐러드,생채·무침류,80.0,128.8,246.4,2.49,12.47,2.16,7.98,6
감자샐러드 샌드위치,빵 및 과자류,380.0,410.4,824.6,8.63,50.88,11.78,17.97,3
감자스프,죽 및 스프류,200.0,172.0,40.0,4.7,16.26,5.8,8.9,3
감자연근튀김,튀김류,155.9,232.3,631.4,0.59,35.45,5.92,6.72,1
감자전,전·적 및 부침류,200.0,139.5,103.5,0.24,20.26,2.97,4.86,5
감자조림,조림류,80.0,57.0,239.7,1.84,10.63,1.26,1.49,5
감자탕,찌개 및 전골류,420.0,175.5,609.0,1.48,12.03,18.85,8.35,5
감자튀김,튀김류,175.7,207.3,555.1,0.0,28.75,3.82,8.76,6
갑오징어무침,생채·무침류,100.0,50.0,225.0,3.06,5.89,5.31,0.74,1
갓김치,김치류,100.0,37.0,720.0,2.46,7.07,3.26,0.4,1
강낭콩밥,밥류,300.0,334.5,4.5,0.23,72.3,6.75,0.74,4
개고기 수육,찜류,200.0,452.0,108.0,0.2,6.2,31.6,34.3,1
개고기무침,생채·무침류,620.0,750.2,688.2,5.58,23.31,47.31,54.68,1
개고기전골,찌개 및 전골류,630.0,466.2,686.7,3.34,14.8,35.03,31.69,1
개피떡(바람떡),빵 및 과자류,100.0,206.0,286.0,7.62,44.3,5.32,0.81,1
건갈치조림,조림류,74.6,71.6,784.0,1.42,2.75,8.36,2.75,1
건꼴뚜기조림,조림류,31.1,89.6,322.8,0.48,3.15,9.14,4.21,1
건새우 미역국,국 및 탕류,273.6,75.0,997.0,0.0,2.63,10.4,2.83,4
건새우볶음,볶음류,67.5,66.4,530.4,1.01,3.91,8.81,2.46,8
검정콩밥,밥류,250.0,321.2,2.5,0.74,65.85,7.5,1.69,6
겉절이,생채·무침류,100.0,57.0,304.0,2.62,4.83,1.92,3.17,4
게국지,국 및 탕류,1100.0,418.0,4048.0,10.78,31.68,44.88,12.1,1
게맛살튀김,튀김류,167.4,356.6,736.6,2.63,44.04,10.21,14.41,2
게살죽,죽 및 스프류,800.0,568.0,1456.0,0.16,107.36,17.92,7.12,1
게장,젓갈류,100.0,99.5,758.5,3.93,6.27,12.25,2.8,2
게조림,조림류,466.0,145.4,1089.0,0.84,2.22,29.27,1.25,2
겨자채,생채·무침류,112.3,137.8,248.1,2.72,4.61,6.78,9.93,4
경단,빵 및 과자류,100.0,277.0,194.0,20.55,62.56,4.27,1.17,4
계란 덮밥,밥류,335.4,509.8,355.5,2.05,71.54,15.76,16.27,3
계란덮밥,밥류,100.0,143.0,223.0,3.07,25.14,4.31,2.82,1
계란빵,빵 및 과자류,150.0,237.0,289.5,2.02,40.8,9.0,2.98,3
고구마,"곡류, 서류 제품",150.0,205.0,49.5,25.54,47.55,2.9,0.3,2
고구마깻잎튀김,튀김류,149.7,253.0,529.9,7.4,44.84,3.89,5.99,1
고구마맛탕,튀김류,152.0,257.4,14.0,15.71,48.82,1.28,6.35,5
고구마밥,밥류,216.0,300.2,4.3,3.46,65.75,4.97,0.76,3
고구마전,전·적 및 부침류,140.0,317.8,121.8,19.96,50.39,4.09,11.17,1
고구마조림,조림류,89.4,149.3,750.1,9.89,34.51,2.23,0.53,3
고구마줄기나물,나물·숙채류,60.0,23.4,94.8,0.32,2.54,0.72,1.25,13
고구마튀김,튀김류,100.0,253.0,28.3,7.72,33.8,2.72,11.42,5
고기만두,면 및 만두류,265.2,272.0,505.0,0.37,35.94,16.97,5.9,4
고들빼기김치,김치류,50.0,45.5,522.5,2.52,8.35,1.54,0.65,2
고등어구이,구이류,90.0,158.9,214.6,0.0,3.75,11.06,10.66,12
고등어조림,조림류,95.0,97.4,294.5,1.92,4.9,8.71,4.26,13
고등어찌개,찌개 및 전골류,451.8,171.7,872.0,4.07,9.13,15.81,7.64,3
고등어찜,찜류,191.0,175.7,303.7,1.95,6.13,16.43,9.32,2
고등어튀김,튀김류,100.0,126.0,262.0,0.08,2.29,6.2,9.68,3
고디국(다슬기맑은국),국 및 탕류,300.0,51.0,288.0,0.69,4.74,4.2,2.13,3
고사리나물,나물·숙채류,79.7,34.3,416.0,0.18,1.9,1.45,2.68,4
고사리나물무침,나물·숙채류,50.0,45.0,220.5,0.25,3.14,1.89,2.76,1
고추잡채,볶음류,400.0,272.0,638.0,6.0,16.96,16.76,15.84,4
고추장볶음,볶음류,24.5,92.1,393.0,3.84,8.67,2.23,6.01,3
고추장아찌,장아찌·절임류,100.0,124.0,2026.0,11.38,31.49,2.39,0.63,1
고추장아찌 무침,생채·무침류,37.6,23.3,262.1,1.8,5.23,0.56,0.34,1
고추장찌개,찌개 및 전골류,285.0,153.7,468.9,3.48,14.26,13.23,5.34,2
고추전,전·적 및 부침류,127.3,259.6,204.3,1.54,16.72,12.73,16.22,2
고추조림,조림류,80.0,32.0,329.6,0.9,5.51,2.48,0.64,5
고추튀김,튀김류,65.5,142.8,182.1,0.55,15.98,3.86,6.05,4
고춧가루 양념장,"장류, 양념류",115.0,161.0,1628.4,2.24,16.55,6.79,8.27,4
고춧잎나물,나물·숙채류,47.3,31.8,120.4,0.16,4.34,2.39,1.16,4
고춧잎나물무침,나물·숙채류,90.0,79.2,717.3,1.36,6.43,3.97,4.22,1
곤드레나물밥,밥류,350.0,521.5,91.0,0.0,98.91,10.29,9.48,1
곤드레밥,밥류,500.0,620.0,45.0,0.75,134.0,11.0,4.7,5
곤약무침,생채·무침류,75.0,62.2,89.2,0.84,2.71,0.53,5.78,1
곤약조림,조림류,109.3,39.6,305.4,1.9,6.62,1.02,1.85,4
골뱅이무침,생채·무침류,100.0,87.0,399.6,5.9,15.19,8.12,0.82,9
곰치국,국 및 탕류,1000.0,420.0,3800.0,2.8,23.9,54.3,11.8,1
곰탕,국 및 탕류,300.0,144.0,744.0,0.71,12.95,12.26,4.88,7
곱창구이,구이류,150.0,276.0,1972.5,1.67,7.07,22.34,17.59,1
곱창볶음,볶음류,150.0,299.0,653.6,7.2,24.49,16.63,11.33,3
곱창전골,찌개 및 전골류,947.5,757.5,2963.0,9.19,69.62,46.78,32.21,4
과ㆍ채주스,음료 및 차류,100.0,44.0,15.0,9.1,10.51,0.47,0.04,5
과일샐러드,생채·무침류,122.8,92.0,43.7,6.85,9.37,0.61,6.13,4
광어 매운탕,찌개 및 전골류,600.0,375.0,327.0,4.14,16.62,53.7,10.44,2
국밥,밥류,800.0,675.0,1629.0,0.4,85.25,28.53,17.81,7
국수,면 및 만두류,697.7,472.0,1870.4,5.02,72.07,15.35,6.05,13
국수전골,찌개 및 전골류,457.7,402.8,1363.9,4.99,66.64,15.56,8.38,1
군만두,면 및 만두류,257.3,563.5,609.8,1.13,64.89,21.87,23.8,4
굴 국밥,밥류,809.0,509.7,1165.0,3.72,103.47,12.94,2.59,1
굴 두부찌개,찌개 및 전골류,326.7,68.6,320.2,1.44,4.84,7.19,2.16,1
굴 미역국,국 및 탕류,280.0,44.8,1069.6,0.34,5.32,5.32,1.32,2
굴국,국 및 탕류,320.0,57.6,745.6,0.45,3.14,6.4,1.94,4
굴무침,생채·무침류,50.0,20.5,160.5,0.82,2.23,1.65,0.61,3
굴밥,밥류,500.0,610.0,630.0,3.3,107.2,21.5,9.75,1
굴비구이,구이류,52.5,275.1,288.2,0.0,0.32,31.08,15.6,3
굴전,전·적 및 부침류,100.0,195.0,326.0,1.3,14.5,10.6,10.5,3
굴죽,죽 및 스프류,259.0,277.1,507.6,0.49,43.41,6.22,7.74,1
굴찜,찜류,98.9,140.4,912.8,7.09,15.53,11.18,4.0,1
귀리밥,밥류,100.0,162.0,0.0,0.09,34.54,3.9,0.87,1
근대 된장국,국 및 탕류,250.0,29.0,516.0,0.76,3.96,2.35,0.73,4
근대나물,나물·숙채류,73.0,39.5,396.2,0.46,4.23,1.82,2.08,4
기름장,"장류, 양념류",10.0,64.0,751.8,0.0,0.09,0.02,6.91,1
기스면,면 및 만두류,1000.0,610.0,2760.0,0.5,89.8,37.8,10.7,1
기장밥,밥류,252.5,330.4,3.2,0.19,71.5,6.41,0.9,8
기피편,빵 및 과자류,100.0,220.0,281.0,2.08,48.99,5.45,0.25,1
김구이,구이류,5.0,23.5,200.6,0.01,1.45,1.02,1.51,1
김국,국 및 탕류,267.2,35.8,310.0,0.7,6.18,2.41,0.71,2
김말이튀김,튀김류,100.0,132.0,183.0,0.02,19.56,1.1,5.42,5
김무침,생채·무침류,30.0,77.7,303.3,1.72,5.8,6.35,3.22,1
김밥,밥류,400.0,440.0,706.9,2.36,69.96,15.97,10.46,35
김부각,튀김류,19.0,78.8,65.0,0.15,10.46,2.83,3.57,3
김치 고기만두,면 및 만두류,82.0,241.1,452.6,1.18,34.75,13.28,4.31,3
김치 돼지고기볶음,볶음류,50.0,56.5,147.0,1.14,2.13,4.05,3.31,3
김치 된장국,국 및 탕류,280.0,42.0,669.2,1.99,5.52,3.08,1.06,2
김치 볶음밥,밥류,320.0,414.4,488.0,3.23,68.78,12.16,8.77,2
김치 청국장찌개,찌개 및 전골류,275.0,80.8,535.5,1.99,8.53,7.15,2.17,2
김치 콩나물국,국 및 탕류,252.6,26.3,529.4,0.98,3.11,2.48,0.58,4
김치국,국 및 탕류,200.0,33.8,399.0,0.92,3.46,2.43,0.96,15
김치만두,면 및 만두류,325.4,293.2,1238.5,1.48,33.44,20.5,7.69,4
김치볶음,볶음류,100.0,59.8,398.0,2.23,4.6,3.15,3.73,21
김치순두부,찌개 및 전골류,218.2,76.7,515.7,1.92,4.06,8.79,2.68,10
김치전,전·적 및 부침류,120.0,115.2,322.4,1.35,13.31,5.18,4.2,7
김치전골,찌개 및 전골류,410.0,208.6,601.6,3.27,21.17,12.46,8.52,2
김치찌개,찌개 및 전골류,240.0,103.4,554.4,1.99,6.13,8.45,4.01,34
김치찜,찜류,350.0,220.5,773.5,4.09,16.17,16.8,9.45,7
김튀김,튀김류,50.0,261.0,303.0,0.07,27.18,5.5,14.45,1
깍두기,김치류,48.7,13.7,415.3,0.93,2.15,0.65,0.33,2
깐쇼새우,튀김류,330.0,495.0,877.8,17.52,48.51,26.07,20.72,1
깐풍기,튀김류,119.8,186.8,479.7,0.28,8.35,17.99,7.46,4
깐풍새우,튀김류,100.0,240.0,531.0,7.2,20.56,8.15,13.86,1
깨죽,죽 및 스프류,800.0,512.0,1160.0,3.6,79.28,13.68,15.92,1
깻잎김치,김치류,100.0,51.9,836.0,1.75,8.47,3.44,1.37,5
깻잎나물,나물·숙채류,70.0,32.9,181.0,0.46,4.38,1.96,1.34,7
깻잎나물볶음,나물·숙채류,200.0,206.0,1042.0,0.6,11.5,7.5,14.4,1
깻잎장아찌,장아찌·절임류,82.9,53.9,431.1,4.38,10.69,3.07,0.6,1
깻잎전,전·적 및 부침류,109.4,156.5,551.6,0.03,12.54,8.7,7.51,4
깻잎찜,찜류,45.0,19.1,205.7,0.68,2.98,1.25,0.57,6
깻잎튀김,튀김류,32.8,62.6,185.0,0.03,5.68,1.77,3.53,3
껍질콩볶음,볶음류,150.0,147.0,310.5,3.79,14.03,4.95,7.62,1
꼬리곰탕,국 및 탕류,585.0,320.0,907.4,1.84,17.32,18.4,17.36,3
꼬막무침,찜류,100.0,107.0,516.0,4.28,7.69,8.34,4.72,1
꼬막찜,찜류,99.5,105.0,745.7,1.34,8.39,12.81,2.31,4
꼬치구이,구이류,170.0,276.0,278.4,1.22,1.8,30.35,3.26,7
꼬치구치,전·적 및 부침류,80.0,75.2,207.2,0.0,2.82,13.14,1.27,1
꽁치구이,구이류,100.0,164.0,350.1,0.0,1.62,19.25,8.14,3
꽁치조림,조림류,97.5,116.3,323.5,2.69,5.44,14.21,3.21,10
꽁치찌개,찌개 및 전골류,270.0,249.0,1022.4,4.24,9.54,19.44,14.77,2
꽁치튀김,튀김류,100.0,105.0,222.0,0.0,2.4,5.3,7.84,2
꽃게 매운탕,찌개 및 전골류,232.9,72.2,393.6,1.37,3.03,13.28,0.63,1
꽃게장,젓갈류,200.0,155.0,1608.0,10.53,15.1,17.55,1.22,3
꽃게찜,찜류,800.0,416.0,1736.0,7.28,40.8,47.2,10.64,1
꽃게콩나물찜,찜류,800.0,416.0,1672.0,7.28,40.8,46.88,10.72,1
꽃게탕,찌개 및 전골류,448.0,96.9,865.9,3.87,7.46,12.83,1.7,6
꽈리고추 오징어조림,조림류,87.7,118.4,340.3,3.03,5.6,12.54,4.97,1
꽈리고추볶음,볶음류,78.6,79.2,410.7,1.74,4.94,6.24,3.53,8
꽈리고추조림,조림류,80.0,45.6,368.0,0.99,3.76,5.68,0.97,1
꽈리고추찜,찜류,100.0,41.0,170.5,0.92,7.51,1.48,0.76,3
꿀떡,빵 및 과자류,100.0,228.0,275.0,0.29,49.48,3.74,1.73,1
꿩불고기,구이류,500.0,370.0,1265.0,16.9,39.7,33.5,8.5,1
나박김치,김치류,100.0,10.0,377.0,0.34,1.15,0.46,0.38,1
나베,찌개 및 전골류,1166.0,1982.2,4815.6,41.16,183.18,63.08,111.0,1
나폴리탄 스파게티,면 및 만두류,360.0,417.6,741.6,13.72,81.0,12.96,4.97,1
낙지 덮밥,밥류,900.0,828.0,1314.0,21.15,144.9,34.2,11.07,3
낙지 비빔밥,밥류,900.0,792.0,1584.0,11.25,132.48,38.7,11.79,3
낙지 삼겹살 볶음,볶음류,255.0,385.1,869.5,4.79,9.51,23.2,26.9,1
낙지무침,생채·무침류,150.0,88.5,678.0,2.29,6.75,14.4,0.56,3
낙지볶음,볶음류,140.0,115.5,786.5,5.67,11.35,11.54,3.86,7
낙지전골,찌개 및 전골류,430.0,153.0,1452.0,4.13,15.31,19.5,3.42,3
낙지찜,찜류,600.0,444.0,1302.0,5.34,22.86,32.82,25.86,1
낙지탕,국 및 탕류,600.0,186.0,1704.0,1.92,10.38,29.4,3.18,1
낙지탕(맑은탕),국 및 탕류,600.0,96.0,852.0,1.56,4.8,18.0,0.96,2
난자완스,튀김류,200.0,388.0,712.0,1.68,20.32,15.8,26.94,3
내장전골,찌개 및 전골류,470.0,272.6,601.6,3.38,13.58,25.43,13.54,1
내장탕,국 및 탕류,604.5,313.5,1552.4,1.58,9.88,24.16,19.59,2
냉국,국 및 탕류,350.0,75.2,831.2,9.06,14.63,0.98,1.44,2
냉면,면 및 만두류,500.0,500.0,885.0,14.2,72.17,20.88,5.3,7
냉이 된장국,국 및 탕류,235.0,36.8,432.8,1.05,4.63,3.21,0.96,4
냉이나물,나물·숙채류,67.5,45.7,283.6,3.58,6.75,2.41,1.24,2
냉이초나물,나물·숙채류,100.0,77.0,261.0,2.92,12.32,4.2,2.47,2
냉채,생채·무침류,195.0,153.8,435.4,11.46,12.7,18.79,3.04,2
넙치(광어)회덮밥,밥류,510.0,392.7,433.5,9.79,64.46,21.78,5.41,1
넙치구이,구이류,114.8,133.2,706.0,0.0,0.03,15.61,7.27,2
노각무침,생채·무침류,85.0,30.7,591.9,2.13,4.45,1.02,1.33,5
녹두빈대떡,전·적 및 부침류,157.0,184.9,274.5,1.41,23.47,14.13,6.37,10
녹두전,전·적 및 부침류,158.9,146.2,36.5,0.29,13.36,7.95,6.67,3
누룽지,밥류,350.0,295.5,9.5,1.29,65.04,5.16,0.23,2
느타리버섯 구이,구이류,90.9,54.5,338.1,1.39,5.23,1.91,4.04,1
느타리버섯볶음,볶음류,75.4,42.2,149.3,0.73,2.4,1.12,3.23,7
느타리버섯튀김,튀김류,60.3,136.9,332.9,0.2,11.56,3.86,8.22,3
다슬기 된장국,국 및 탕류,300.0,69.0,384.0,1.23,7.8,6.3,2.04,3
다시마무침,생채·무침류,64.2,38.5,321.6,0.46,4.47,1.99,1.61,4
다시마조림,조림류,47.5,28.7,240.9,0.46,3.32,1.47,1.6,2
다시마튀각,튀김류,50.0,231.0,448.0,4.11,9.97,1.1,13.26,3
다식,빵 및 과자류,30.0,110.7,3.9,8.0,22.19,2.49,1.34,1
다쿠아즈,빵 및 과자류,100.0,447.0,51.0,38.13,43.39,8.33,26.65,1
단무지,장아찌·절임류,30.0,3.9,165.6,0.14,0.72,0.1,0.06,1
단무지무침,생채·무침류,40.0,13.2,236.0,0.7,1.91,0.33,0.51,5
단호박 샐러드,생채·무침류,50.0,62.5,42.0,1.73,5.13,0.6,4.64,1
단호박조림,조림류,100.0,71.0,815.0,4.38,15.15,2.2,0.94,3
단호박찜,찜류,90.0,36.9,1.8,3.27,9.04,0.84,0.14,1
달걀,수·조·어·육류,100.0,150.0,127.0,0.32,0.63,12.8,10.65,3
달걀 샐러드,생채·무침류,159.5,252.0,288.7,1.29,8.76,9.41,18.96,3
달걀국,국 및 탕류,205.0,44.2,397.0,0.35,1.6,3.49,2.36,6
달걀말이,전·적 및 부침류,50.0,87.2,280.7,0.29,1.45,5.7,6.29,15
달걀부침(달걀후라이),전·적 및 부침류,70.0,128.8,214.2,0.11,2.35,8.46,9.41,5
달걀조림,조림류,79.8,73.2,405.7,2.23,4.4,6.06,3.41,4
달걀찜,찜류,110.0,108.0,476.8,0.68,1.83,9.01,6.55,15
달걀탕,국 및 탕류,350.0,101.5,353.5,0.0,3.29,6.23,7.14,1
달걀튀김,튀김류,92.2,236.0,111.6,0.53,13.59,9.4,14.99,1
달걀후라이,전·적 및 부침류,65.0,117.8,172.5,0.13,1.99,7.15,8.54,2
달래 된장국,국 및 탕류,243.4,93.7,457.6,1.94,6.23,7.3,4.5,2
달래무침,생채·무침류,98.6,45.0,315.9,2.68,6.55,1.68,1.81,6
닭가슴살 샐러드,생채·무침류,300.0,111.0,168.0,3.63,6.09,12.3,4.08,3
닭강정,튀김류,132.3,260.3,303.2,5.5,24.54,21.91,7.45,4
닭고기 덮밥,밥류,490.4,463.1,482.5,3.8,82.22,23.75,2.94,4
닭고기 미역국,국 및 탕류,280.0,58.8,534.8,0.03,1.99,8.96,2.07,4
닭고기 샐러드,생채·무침류,58.6,51.6,230.9,0.36,1.65,3.93,3.25,3
닭고기 탕수,튀김류,230.0,218.5,138.0,6.12,20.24,17.02,7.25,2
닭고기냉채,생채·무침류,150.0,108.0,31.5,4.84,8.58,16.2,1.38,3
닭고기육개장,국 및 탕류,315.0,106.8,414.8,1.38,5.4,10.38,4.41,4
닭곰탕,국 및 탕류,280.0,134.4,508.5,0.9,8.12,12.04,5.12,5
닭구이,구이류,230.0,205.2,558.9,2.28,7.61,19.09,10.18,5
닭꼬치구이,구이류,90.0,162.9,109.8,3.42,5.0,28.89,2.32,1
닭날개구이,구이류,105.0,211.2,226.4,1.55,3.15,20.24,11.84,4
닭다리구이,구이류,141.2,231.0,461.3,0.76,2.62,21.28,15.11,4
닭다리조림,조림류,83.8,151.4,129.6,2.7,7.68,11.74,7.43,2
닭다리튀김,튀김류,200.0,646.0,820.0,7.42,35.76,37.72,39.2,1
닭도리탕,조림류,268.6,297.3,687.5,6.67,21.75,24.62,12.59,4
닭모래집볶음,볶음류,150.0,160.0,341.0,2.71,5.23,22.24,5.18,2
닭모래집튀김,튀김류,150.0,468.0,322.5,1.8,29.1,28.09,26.59,1
닭발구이,구이류,220.0,431.2,1819.4,0.68,21.34,39.93,20.7,1
닭발볶음,볶음류,200.0,372.0,1948.0,12.74,23.44,27.6,18.76,1
닭백숙,국 및 탕류,440.3,308.8,851.7,1.6,30.99,26.57,7.37,2
닭볶음,볶음류,280.0,383.6,756.0,10.22,35.36,41.16,8.43,1
닭볶음(닭갈비),볶음류,220.0,348.6,645.8,8.95,30.45,29.22,12.1,14
닭볶음탕,조림류,777.0,837.4,2814.9,27.53,79.37,59.62,31.23,2
닭조림,조림류,235.0,280.9,594.5,5.23,17.29,22.98,13.59,6
닭죽,죽 및 스프류,255.7,283.8,425.2,1.93,38.16,15.57,5.01,8
닭찜,찜류,229.8,231.5,579.5,3.38,12.45,24.06,8.74,12
닭튀김,튀김류,112.0,283.0,290.0,0.92,13.76,22.24,13.55,16
닭튀김 샐러드,생채·무침류,300.0,237.0,306.0,3.0,11.94,11.4,15.9,4
당근볶음,볶음류,90.0,85.5,194.4,4.05,7.01,0.84,5.97,1
대구 매운탕,찌개 및 전골류,300.0,117.0,657.0,2.22,6.96,19.8,1.59,5
대구볼찜,찜류,640.0,288.0,915.2,6.98,34.37,27.07,7.87,1
대구지리,찌개 및 전골류,343.0,79.0,740.6,0.55,4.3,13.93,1.06,4
대구찜,찜류,191.0,108.9,324.7,1.95,6.34,15.85,2.25,3
대구탕,찌개 및 전골류,760.5,342.2,2167.4,10.19,38.25,35.74,6.77,1
대구튀김,튀김류,82.9,236.3,1133.2,0.02,11.01,22.38,10.36,1
대구포,수·조·어·육류,100.0,141.0,3876.0,0.0,2.33,31.97,0.4,1
대창구이,구이류,100.0,595.0,126.0,1.13,4.05,9.11,60.25,1
대합 미역국,국 및 탕류,273.9,19.2,261.6,0.11,1.72,2.03,0.63,2
대합죽,죽 및 스프류,229.5,273.3,487.8,0.32,43.27,6.44,7.23,2
더덕구이,구이류,100.0,184.0,599.4,11.6,31.1,3.1,3.85,3
더덕무침,생채·무침류,56.4,47.5,452.0,2.9,9.57,0.98,1.18,4
더덕장아찌,장아찌·절임류,70.0,93.0,1583.2,8.13,17.38,2.51,1.67,2
덮밥,밥류,440.0,631.0,966.0,2.69,90.0,28.07,17.89,10
도가니탕,국 및 탕류,500.0,200.0,750.0,0.0,4.1,41.75,1.65,1
도넛,빵 및 과자류,70.0,207.2,242.9,11.6,39.95,4.2,3.68,3
도다리구이,구이류,79.2,121.2,822.9,0.0,0.56,18.77,4.36,1
도라지나물,나물·숙채류,88.3,39.4,336.7,0.43,4.81,0.71,2.11,4
도라지나물무침,나물·숙채류,50.0,65.0,205.5,0.45,6.56,1.24,3.76,1
도라지생채,생채·무침류,69.9,55.1,361.9,3.4,8.68,1.48,0.75,12
도라지튀김,튀김류,64.4,107.5,291.2,0.58,11.31,3.46,5.23,2
도루묵조림,조림류,123.2,125.7,314.2,1.99,6.92,13.86,3.8,2
도루묵찌개,찌개 및 전골류,494.0,311.2,306.3,6.42,19.96,33.59,11.41,1
도미 매운탕,찌개 및 전골류,297.0,139.6,1042.5,3.21,10.01,17.52,3.36,1
도미찜,찜류,226.7,117.9,192.7,2.09,7.3,17.91,2.06,1
도미튀김,튀김류,61.8,186.0,1063.0,0.01,11.68,16.01,7.55,1
도토리묵무침,생채·무침류,100.0,56.0,179.0,0.08,12.04,0.6,0.65,7
돈가스,튀김류,100.0,317.0,343.0,3.58,23.05,13.85,19.51,9
돌나물,생채·무침류,90.0,25.2,138.6,2.48,5.08,0.58,0.55,3
돌나물무침,생채·무침류,70.0,28.1,159.3,2.4,4.43,0.73,0.64,4
돌솥 비빔밥,밥류,575.0,580.8,534.8,6.04,100.39,19.55,10.23,2
돌솥비빔밥,밥류,550.0,473.0,638.0,6.76,76.94,15.46,11.38,1
동치미,김치류,150.0,19.5,648.0,2.04,3.32,0.53,0.41,2
동태 매운탕,찌개 및 전골류,610.0,152.5,1122.4,3.29,12.08,20.13,3.05,2
동태국,국 및 탕류,298.4,55.1,653.5,1.16,4.52,8.48,0.55,5
동태까스,튀김류,90.0,245.7,346.5,2.35,17.48,10.44,14.08,1
동태양념구이,구이류,75.2,97.8,482.0,0.22,1.2,16.32,2.68,1
동태전,전·적 및 부침류,70.0,126.6,301.0,0.02,4.84,8.9,7.46,5
동태조림,조림류,230.0,147.2,860.2,4.28,10.35,23.14,1.46,3
동태찌개,찌개 및 전골류,221.0,88.0,546.0,2.19,5.77,12.22,2.66,5
동태찜,찜류,366.1,255.6,1231.8,3.85,16.09,34.28,6.05,2
동태튀김,튀김류,120.9,177.1,990.2,0.02,10.03,12.94,8.69,2
동파육,찜류,100.0,191.0,299.0,0.74,4.15,8.99,15.41,1
돼지갈비강정,튀김류,88.2,277.7,459.7,3.37,18.14,17.26,13.95,2
돼지갈비구이,구이류,150.0,237.6,387.0,6.03,11.81,14.4,14.0,7
돼지갈비전골,찌개 및 전골류,85.8,194.8,284.9,2.78,4.35,14.24,12.99,1
돼지갈비찜,찜류,250.0,357.5,575.0,5.17,16.29,25.7,16.96,15
돼지고기,찜류,100.0,164.0,85.0,0.1,1.56,29.36,4.44,3
돼지고기 꼬치구이,구이류,105.0,187.9,125.0,1.78,2.89,28.25,6.15,3
돼지고기 덮밥,밥류,330.0,554.4,465.3,6.7,85.5,26.4,10.3,1
돼지고기 스테이크,구이류,90.0,125.7,414.0,2.77,6.18,14.99,4.02,4
돼지고기 장조림,조림류,55.0,75.6,329.9,1.17,3.56,8.16,2.9,6
돼지고기 피망잡채,볶음류,170.0,158.1,453.9,3.54,8.66,16.32,6.33,2
돼지고기강정,튀김류,119.8,208.5,608.8,2.3,9.84,17.41,10.14,4
돼지고기덮밥,밥류,330.0,544.5,471.9,6.3,86.36,26.14,8.98,1
돼지고기볶음,볶음류,200.0,218.4,600.6,6.55,13.44,23.66,9.38,29
돼지고기볶음(제육볶음),볶음류,250.0,487.5,1252.5,0.95,11.82,30.38,35.48,1
돼지고기찌개,찌개 및 전골류,360.0,203.4,659.7,2.38,10.26,16.75,11.3,6
돼지고기찜,찜류,250.0,272.5,550.0,5.22,22.23,27.05,8.12,1
돼지고기튀김,튀김류,73.4,162.9,376.5,0.01,4.58,15.34,8.57,1
돼지껍데기구이,구이류,100.0,348.0,475.0,3.42,3.37,23.74,26.64,1
돼지등갈비찜,찜류,450.0,963.0,2394.0,24.12,57.42,72.09,49.19,1
돼지등심 장조림,조림류,88.0,100.7,363.0,2.92,4.42,13.79,2.38,2
돼지머리국밥,밥류,870.5,608.2,1044.5,2.68,102.17,18.75,11.59,2
돼지불고기,구이류,300.0,249.0,564.0,7.6,12.9,26.4,9.51,13
돼지사태찜,찜류,177.3,148.0,367.0,4.89,12.45,13.47,4.7,4
된장국,국 및 탕류,270.0,39.0,634.4,0.99,4.69,3.19,1.1,43
된장찌개,찌개 및 전골류,258.6,92.0,877.3,2.05,9.23,8.32,2.74,33
두릅무침,생채·무침류,87.6,61.7,721.0,3.67,8.49,2.42,2.45,2
두부 달걀찜,찜류,125.0,92.5,177.5,0.55,3.2,7.75,5.07,3
두부 달걀탕,국 및 탕류,235.3,87.1,218.8,0.94,4.07,8.71,3.95,3
두부 된장국,국 및 탕류,260.0,67.6,621.0,1.14,4.92,5.98,2.57,7
두부 명란찌개,찌개 및 전골류,170.6,56.3,406.0,1.13,4.64,5.97,1.83,1
두부 애호박찌개,찌개 및 전골류,234.6,63.3,143.1,2.06,8.45,4.69,1.45,1
두부 청국장찌개,찌개 및 전골류,240.0,91.3,528.0,1.93,9.69,8.38,2.28,6
두부 탕수,튀김류,100.4,123.5,192.8,3.32,15.19,4.52,4.84,3
두부국,국 및 탕류,246.9,60.4,489.3,0.63,3.09,5.23,2.96,4
두부김치,볶음류,250.0,264.0,872.9,2.29,14.07,17.48,15.84,5
두부냉채,생채·무침류,150.0,115.5,420.0,1.88,6.58,11.85,4.21,3
두부볶음,볶음류,113.4,223.4,279.0,4.17,14.88,14.06,11.93,2
두부부침,전·적 및 부침류,100.0,142.0,151.8,0.0,2.57,11.23,9.04,6
두부전,전·적 및 부침류,150.0,241.6,228.9,0.03,6.94,16.21,15.73,5
두부전골,찌개 및 전골류,435.0,233.3,1026.7,2.56,13.86,19.81,11.31,2
두부조림,조림류,74.8,130.9,386.7,1.56,5.3,11.0,7.01,7
두부찌개,찌개 및 전골류,259.8,118.6,619.2,1.94,7.78,10.38,3.34,10
두부튀김,튀김류,116.1,146.0,315.3,1.01,11.59,7.65,7.43,4
두유 카페라떼,음료 및 차류,355.0,131.3,115.4,10.63,14.04,4.97,6.25,2
들깨국,국 및 탕류,190.0,28.5,294.5,0.78,3.19,1.29,1.46,3
들깨죽,죽 및 스프류,170.8,261.6,1077.0,0.43,36.36,6.39,10.01,2
들깻잎장아찌,장아찌·절임류,100.0,124.0,1809.0,16.41,26.0,4.03,0.42,1
등심돈가스,튀김류,108.9,189.5,272.2,1.75,15.86,15.03,6.41,3
딸기넥타,음료 및 차류,355.0,110.0,21.3,22.68,28.26,1.42,0.32,1
딸기바나나 스무디,음료 및 차류,355.0,191.7,39.0,33.16,41.71,3.91,2.41,3
땅콩조림,조림류,17.5,68.4,75.9,1.31,3.19,2.77,5.1,4
땅콩죽,죽 및 스프류,198.1,289.2,370.4,0.73,46.83,7.73,6.56,3
떡갈비,구이류,200.0,404.0,808.0,0.8,4.92,42.76,23.64,1
떡강정,튀김류,151.6,353.1,536.6,6.57,66.09,4.54,7.34,4
떡국,면 및 만두류,600.0,510.0,1068.0,0.9,95.22,12.6,3.78,15
떡만두국,면 및 만두류,600.0,493.4,1047.6,0.65,77.64,18.6,10.32,11
떡볶이,볶음류,185.0,228.2,608.4,6.13,46.28,5.72,3.45,28
떡산적,전·적 및 부침류,125.2,196.1,510.1,3.29,23.3,11.04,7.71,4
라떼,음료 및 차류,100.0,74.0,31.5,8.37,9.36,2.78,2.87,2
라멘,면 및 만두류,100.0,89.0,388.0,0.93,11.36,4.57,2.77,5
라면,면 및 만두류,570.0,497.1,451.6,0.51,77.3,10.34,15.46,30
라볶이,볶음류,475.0,514.4,622.0,4.95,85.02,9.05,15.05,3
라조기,튀김류,198.0,249.5,556.4,2.77,19.68,19.8,11.29,3
런천미트구이,구이류,42.8,129.3,466.9,0.56,4.76,9.24,8.11,5
레몬청차,음료 및 차류,100.0,60.0,3.0,16.33,14.8,0.13,0.01,1
리소토/리조또,밥류,849.5,1544.0,2335.8,24.85,145.9,27.39,94.18,2
마늘빵,빵 및 과자류,50.0,219.0,259.5,3.68,28.97,6.03,8.79,1
마늘장아찌,장아찌·절임류,100.0,113.0,1127.0,15.03,25.36,2.43,0.16,1
마늘장아찌무침,생채·무침류,40.0,39.6,322.0,4.66,8.74,0.75,0.28,1
마늘쫑무침,생채·무침류,45.3,31.3,162.9,2.71,6.64,1.06,0.7,4
마늘쫑볶음,볶음류,70.5,43.0,247.5,1.56,4.12,3.43,2.06,15
마늘쫑장아찌,장아찌·절임류,50.0,55.0,813.5,5.6,10.5,1.3,0.5,3
마늘쫑장아찌무침,생채·무침류,50.0,39.5,353.0,4.16,8.86,0.65,0.29,4
마늘쫑조림,조림류,48.0,65.0,310.4,3.12,9.52,2.3,2.71,2
마라탕,찌개 및 전골류,486.5,417.1,2034.1,8.51,27.52,22.21,24.11,2
마카로니 샐러드,생채·무침류,170.0,234.6,212.5,4.67,23.39,4.08,13.57,4
마카롱,빵 및 과자류,100.0,480.0,47.0,41.94,45.23,6.92,30.11,1
마파두부,볶음류,100.0,144.0,397.0,1.99,9.06,8.68,8.74,6
막국수,면 및 만두류,632.4,424.9,1655.7,3.89,80.29,14.65,4.4,3
막창구이,구이류,100.0,358.0,162.0,1.36,0.4,15.34,32.73,1
만두,면 및 만두류,220.0,342.1,608.4,0.72,36.67,17.0,10.13,6
만두국,면 및 만두류,600.0,396.0,1116.0,2.04,45.78,21.42,14.04,9
만두전골,찌개 및 전골류,935.5,692.6,3560.7,14.34,103.28,25.45,19.44,2
만두탕수,면 및 만두류,382.2,352.1,435.5,6.69,42.65,11.02,13.86,4
맛살전,전·적 및 부침류,91.6,211.6,884.9,2.85,27.26,9.07,6.84,5
망둥어찌개,찌개 및 전골류,298.8,131.5,1443.2,3.23,10.16,17.63,2.54,1
망둥어찜,찜류,175.5,91.3,354.5,1.19,5.19,14.92,1.23,1
매생이국,국 및 탕류,500.0,120.0,1420.0,0.4,13.4,10.0,2.8,1
매실장아찌,장아찌·절임류,30.0,46.2,728.1,6.9,10.37,0.44,0.33,2
매운 어묵볶음,볶음류,100.0,90.0,397.0,2.38,11.02,5.1,2.93,4
매운탕,찌개 및 전골류,600.0,269.2,1712.4,2.91,15.71,29.38,6.81,16
매작과,빵 및 과자류,30.0,123.9,29.7,4.93,19.83,2.25,3.94,1
머위나물,나물·숙채류,60.0,15.0,322.4,0.19,1.45,0.97,0.8,3
머위나물무침,나물·숙채류,100.0,85.0,452.0,0.44,2.49,1.62,7.66,1
머위나물볶음,볶음류,150.0,108.0,718.5,1.8,7.61,3.5,7.0,1
머위대나물무침,나물·숙채류,50.0,29.0,181.5,0.17,2.38,1.98,1.28,1
머핀,빵 및 과자류,130.0,499.2,534.3,51.55,76.89,7.45,17.99,1
메기 매운탕,찌개 및 전골류,760.0,448.4,2006.4,5.24,56.16,30.4,11.1,1
메기찜,찜류,528.2,375.0,792.3,4.07,28.36,38.56,12.31,1
메밀국수,면 및 만두류,350.0,220.5,679.0,0.0,42.21,10.99,1.01,1
메밀묵 무침,생채·무침류,144.5,93.9,359.8,2.11,17.41,2.31,1.84,2
메밀묵국,국 및 탕류,103.5,66.0,252.1,1.48,12.21,1.62,1.3,4
메밀소바,면 및 만두류,657.0,839.2,1924.7,16.86,133.9,30.94,19.93,2
메밀전,전·적 및 부침류,180.0,289.8,261.0,0.54,62.62,7.24,1.15,1
메추리알 돼지고기장조림,조림류,125.0,167.0,429.2,2.31,6.41,17.62,7.25,4
메추리알 어묵조림,조림류,67.2,104.8,541.0,4.86,10.34,6.25,4.16,3
메추리알장조림,조림류,64.0,92.9,604.5,1.57,5.47,6.95,4.18,4
멕시컨샐러드,생채·무침류,166.1,192.0,412.0,3.65,6.69,7.4,11.88,3
멘보샤,튀김류,100.0,289.0,696.0,1.0,13.22,10.52,21.6,1
멸치 미역국,국 및 탕류,320.0,28.8,1200.0,0.0,2.27,3.52,1.22,1
멸치볶음,볶음류,50.0,91.2,615.2,1.37,4.12,11.06,2.73,14
멸치볶음(멸치만),볶음류,80.0,91.2,616.0,1.38,4.12,11.92,2.73,1
멸치젓,젓갈류,5.0,4.5,333.4,0.03,0.37,0.57,0.08,1
멸치조림,조림류,60.0,90.0,672.6,1.92,3.9,9.0,4.01,5
명란젓,젓갈류,100.0,147.0,2044.0,0.0,3.98,17.96,6.54,1
명란찌개,찌개 및 전골류,263.3,71.1,966.3,2.21,7.21,8.16,1.53,1
명란찜,찜류,125.2,76.4,1414.8,1.6,3.88,8.89,2.8,1
명태 매운탕,찌개 및 전골류,625.0,306.2,362.5,4.94,19.69,44.38,6.44,1
모닝빵,빵 및 과자류,70.0,219.8,342.3,5.58,36.52,6.65,5.2,1
모듬 김밥,밥류,400.0,452.0,736.0,2.8,69.96,16.8,11.0,1
모듬 초밥,밥류,245.0,461.8,905.3,5.82,70.5,24.26,7.44,2
모듬 콩조림,조림류,15.0,27.1,48.1,0.58,2.31,1.67,1.37,1
모듬배추나물,나물·숙채류,85.0,27.6,242.5,1.27,3.51,1.45,1.08,4
모듬버섯볶음,볶음류,100.0,69.0,430.0,2.0,6.82,3.0,4.56,4
모듬찰떡,빵 및 과자류,100.0,218.0,188.0,2.98,42.27,6.78,2.44,1
모듬채소전,전·적 및 부침류,110.0,169.4,190.3,1.33,23.45,3.74,6.21,1
모듬채소전골,찌개 및 전골류,450.0,90.0,652.5,2.75,9.45,8.1,2.7,1
모듬회,수·조·어·육류,150.0,199.5,739.5,3.66,7.72,33.75,3.46,1
모밀국수,면 및 만두류,284.1,315.7,908.0,4.93,64.79,10.95,1.12,4
모싯잎송편,빵 및 과자류,100.0,190.0,262.0,3.18,40.29,5.65,0.66,3
모카빵,빵 및 과자류,150.0,508.5,531.0,18.8,86.94,12.82,12.07,1
몸국,국 및 탕류,650.0,143.0,773.5,2.6,10.01,18.85,4.22,1
무 된장국,국 및 탕류,239.1,38.8,512.1,1.66,4.93,3.17,0.9,4
무 북어국,국 및 탕류,300.0,81.0,468.0,1.14,3.15,12.3,2.1,4
무 어묵조림,조림류,86.8,95.5,540.1,3.68,12.76,5.47,2.65,2
무 파래무침,생채·무침류,130.0,29.9,287.3,3.41,6.32,1.43,0.49,1
무국,국 및 탕류,270.0,60.0,492.0,1.25,4.4,4.0,2.83,23
무나물,나물·숙채류,56.6,18.0,247.5,0.77,2.01,0.37,1.0,4
무나물무침,나물·숙채류,50.0,10.5,176.0,1.65,1.82,0.31,0.23,1
무말랭이무침,생채·무침류,85.0,74.8,269.4,4.49,14.3,2.81,0.87,9
무말랭이장아찌,장아찌·절임류,94.2,110.2,1212.4,6.23,17.28,3.86,3.04,1
무밥,밥류,246.2,435.8,487.5,1.94,90.31,9.11,2.61,1
무생채,생채·무침류,85.0,39.1,314.2,2.67,6.17,1.19,0.66,15
무생채(무만),생채·무침류,120.0,36.0,298.8,3.08,6.92,1.24,0.67,1
무숙장아찌,장아찌·절임류,94.0,87.4,1307.5,2.22,4.49,3.48,6.05,1
무장아찌,장아찌·절임류,22.9,21.1,468.1,2.03,3.63,0.42,0.58,2
무조림,조림류,79.3,37.3,820.8,2.23,6.43,1.9,0.58,5
무지개떡,빵 및 과자류,100.0,229.0,277.0,8.99,53.01,3.53,0.31,1
무짠지,장아찌·절임류,50.0,5.5,1191.0,0.79,0.99,0.27,0.06,1
무청나물,나물·숙채류,100.0,80.0,367.0,0.32,6.04,2.8,5.44,1
무초절임(치킨무),장아찌·절임류,130.0,22.1,245.7,2.27,3.96,0.68,0.39,1
묵국,국 및 탕류,400.0,88.0,952.0,1.12,14.28,4.0,1.6,1
묵말이,국 및 탕류,1300.0,468.0,3211.0,6.24,89.7,6.76,8.45,1
묵무침,생채·무침류,200.0,148.0,638.0,1.8,21.84,1.86,5.2,3
묵밥,밥류,600.0,420.0,558.0,3.12,78.12,15.6,4.44,4
문어무침,생채·무침류,91.2,59.3,308.6,1.5,4.59,6.77,1.84,2
문어볶음,볶음류,211.7,162.8,755.1,9.52,14.82,17.56,3.96,2
물김치,김치류,400.0,20.0,948.0,1.4,3.0,1.24,0.32,1
물냉면,면 및 만두류,578.0,549.1,2015.0,4.21,94.85,27.17,5.49,6
물만두,면 및 만두류,307.5,290.9,300.9,0.17,35.65,19.42,7.68,4
물회,생채·무침류,700.0,532.0,2548.0,20.02,55.3,34.37,12.32,3
미꾸라지튀김,튀김류,100.0,387.0,324.0,0.3,28.85,10.89,25.39,1
미나리 초무침,생채·무침류,36.5,17.9,209.9,1.37,2.88,0.77,0.64,3
미나리나물,나물·숙채류,50.0,12.5,80.2,0.77,2.23,0.6,0.39,8
미나리무침,생채·무침류,95.0,19.5,106.0,1.96,3.55,0.85,0.5,6
미나리전,전·적 및 부침류,150.0,226.5,249.0,1.74,34.23,5.24,7.62,1
미더덕찜,찜류,118.9,91.6,464.9,1.4,9.57,9.16,2.16,1
미소된장국,국 및 탕류,150.0,37.5,492.0,0.7,2.81,2.81,1.77,5
미숫가루,음료 및 차류,300.0,210.0,72.0,0.0,31.26,6.24,6.81,1
미숫가루(선식)음료,음료 및 차류,100.0,128.0,1.0,12.67,27.73,2.9,1.1,4
미역 된장국,국 및 탕류,225.0,31.2,692.1,0.66,3.76,2.7,1.15,2
미역 오이무침,생채·무침류,100.0,61.0,817.0,6.34,12.32,1.8,1.75,3
미역국,국 및 탕류,240.2,33.0,672.0,0.04,2.24,3.55,0.8,23
미역냉국,국 및 탕류,300.0,33.0,870.0,4.95,7.65,1.5,0.33,5
미역줄기볶음,볶음류,80.0,39.0,648.0,0.41,3.13,0.86,3.07,9
미역초무침,생채·무침류,100.0,37.2,487.2,3.98,8.22,1.78,0.51,3
미역튀각,튀김류,32.6,138.5,1610.8,3.09,7.45,4.41,10.79,2
미음,죽 및 스프류,100.0,19.0,0.0,0.0,4.6,0.3,0.1,3
미트 스파게티,면 및 만두류,350.0,381.5,476.0,9.87,65.03,15.05,6.65,3
미트볼조림,조림류,105.2,132.6,364.7,5.02,12.1,5.37,7.35,5
민들레무침,나물·숙채류,50.0,13.5,122.0,0.81,2.28,0.6,0.36,1
민들레잎무침,생채·무침류,90.0,72.9,223.2,7.34,11.09,2.42,2.1,1
민어 매운탕,찌개 및 전골류,450.0,157.5,630.0,4.14,13.41,20.25,3.56,1
민어구이,구이류,100.0,106.0,703.0,0.0,0.38,12.6,5.53,1
밀면,면 및 만두류,100.0,71.0,303.0,3.68,14.19,2.46,0.5,1
밀크쉐이크,유제품류 및 빙과류,100.0,113.0,51.0,16.57,17.01,2.43,3.88,1
밀크티,음료 및 차류,100.0,85.0,16.5,5.95,10.78,1.11,3.16,4
밀푀유나베,찌개 및 전골류,1564.0,685.4,4481.4,27.82,47.68,54.79,23.27,4
바지락 된장국,국 및 탕류,300.0,48.0,390.0,1.23,5.34,4.8,1.05,1
바지락 미역국,국 및 탕류,300.0,39.0,912.0,0.3,3.66,5.7,0.84,4
바지락 수제비,면 및 만두류,1036.0,385.5,1762.2,2.01,65.71,15.61,4.88,2
바지락국,국 및 탕류,203.3,34.6,457.4,0.22,1.5,4.47,1.06,3
바지락찜,찜류,146.8,121.8,1218.4,6.74,13.43,11.74,2.51,2
밤밥,밥류,209.8,318.9,6.3,0.88,68.5,7.13,0.48,2
방풍나물,나물·숙채류,50.0,17.0,71.5,0.48,3.02,0.75,0.4,4
방풍나물무침,나물·숙채류,80.0,60.8,213.6,2.33,8.59,3.51,1.38,1
배추 겉절이,생채·무침류,102.5,29.4,487.7,2.04,4.83,1.54,0.55,4
배추 된장국,국 및 탕류,260.0,63.6,496.0,1.51,4.26,4.39,1.63,9
배추겉절이,생채·무침류,100.0,36.8,438.4,3.04,6.51,2.02,0.62,3
배추국,국 및 탕류,165.8,34.8,339.9,0.78,3.07,2.15,1.64,7
배추김치,김치류,100.0,38.0,578.5,2.72,6.29,1.92,0.52,4
배추나물,나물·숙채류,86.7,26.9,271.8,1.85,3.83,1.56,1.02,9
배추숙주나물,나물·숙채류,44.0,9.7,55.9,0.59,1.58,0.66,0.27,1
배추전,전·적 및 부침류,96.5,106.2,525.9,1.65,9.97,3.14,5.86,4
백김치,김치류,100.0,16.0,395.0,1.04,3.0,0.95,0.07,1
백설기,빵 및 과자류,100.0,229.0,223.0,2.07,50.28,3.78,1.45,3
백합죽,죽 및 스프류,700.0,455.0,994.0,0.0,84.7,16.52,5.6,1
밴댕이무침,생채·무침류,400.0,600.0,1028.0,27.0,46.0,29.8,33.0,1
뱅어포구이,구이류,56.0,189.1,843.8,7.02,12.58,18.58,7.17,2
뱅어포무침,생채·무침류,21.0,80.5,246.8,1.07,2.24,9.48,3.5,2
뱅어포튀김,튀김류,10.2,74.7,42.2,0.0,3.47,4.2,4.6,1
버섯 덮밥,밥류,572.0,577.7,360.4,3.09,105.65,14.87,9.32,2
버섯 매운탕,찌개 및 전골류,800.0,360.0,1280.0,11.68,55.44,19.2,10.88,2
버섯 샤브샤브,찌개 및 전골류,488.0,131.8,697.8,2.34,12.0,9.76,6.64,1
버섯 잡채,볶음류,200.0,298.0,414.0,3.88,12.56,9.6,24.44,1
버섯구이,구이류,80.0,54.4,382.0,1.86,6.58,3.78,1.44,2
버섯구이표고버섯,구이류,80.0,80.0,348.0,1.12,14.51,3.47,0.85,1
버섯국,국 및 탕류,320.0,134.4,515.2,1.6,8.67,10.56,7.78,1
버섯무침,생채·무침류,150.0,88.5,466.5,0.14,5.16,4.11,5.66,1
버섯볶음,볶음류,135.0,139.5,461.9,2.36,11.07,4.02,7.5,4
버섯전,전·적 및 부침류,68.0,120.9,381.1,0.4,14.36,3.99,5.19,6
버섯전골,찌개 및 전골류,350.0,185.3,739.0,3.01,14.22,12.83,9.43,6
버섯조림,조림류,105.0,54.9,304.5,1.93,6.72,3.9,1.72,2
버섯찌개,찌개 및 전골류,270.0,162.0,1292.0,4.4,15.4,10.8,5.2,5
버터크림빵,빵 및 과자류,60.0,229.8,191.4,7.19,27.74,4.91,11.05,1
번데기탕,찌개 및 전골류,200.0,46.0,218.0,0.36,0.84,4.4,2.96,1
베이글,빵 및 과자류,120.0,367.2,834.0,5.5,64.18,12.0,7.0,1
베이컨떡말이구이,구이류,95.3,228.4,550.9,3.59,28.53,6.0,10.09,4
베이컨채소볶음,볶음류,129.0,183.2,310.9,6.17,12.98,8.13,11.36,2
병어구이,구이류,49.7,121.3,774.8,0.0,0.22,10.64,8.07,1
병어조림,조림류,145.5,124.8,719.0,0.82,5.71,13.68,5.04,2
병어찌개,찌개 및 전골류,298.8,161.4,1449.2,3.23,10.16,15.84,6.16,1
보리밥,밥류,280.0,336.0,5.6,0.11,73.67,6.16,0.48,5
보신탕,찌개 및 전골류,600.0,252.0,390.0,3.18,12.72,18.0,16.08,1
보쌈김치,김치류,69.9,32.9,1352.6,1.59,4.64,1.75,0.98,3
복 매운탕,찌개 및 전골류,600.0,186.0,1368.0,3.48,13.5,30.6,2.34,1
복어튀김,튀김류,79.5,241.6,682.1,0.31,15.43,15.61,12.69,2
복죽,죽 및 스프류,259.0,277.1,398.9,0.03,43.62,6.99,7.07,1
복지리,찌개 및 전골류,600.0,180.0,1254.0,2.1,8.94,33.6,1.86,1
복찜,찜류,510.0,183.6,698.7,4.44,20.96,18.11,4.69,1
볶음 우동,면 및 만두류,487.9,316.1,1383.5,0.69,35.44,11.51,12.96,4
볶음면,면 및 만두류,470.0,893.0,1724.9,18.14,64.91,30.79,56.87,1
볶음밥,밥류,340.0,487.2,501.5,2.52,74.59,14.65,9.6,50
볼락 매운탕,찌개 및 전골류,356.2,106.9,680.3,4.52,10.22,12.47,1.85,1
부대찌개,찌개 및 전골류,600.0,402.0,1434.0,4.96,39.72,20.61,18.6,9
부추 겉절이,생채·무침류,50.0,11.8,80.0,0.79,1.76,0.65,0.47,2
부추 채소무침,생채·무침류,50.0,11.0,85.5,1.12,2.0,0.55,0.34,1
부추 초무침,생채·무침류,50.0,11.5,93.5,0.88,1.83,0.55,0.39,3
부추김치,김치류,100.0,36.0,670.0,2.12,5.47,2.8,0.91,5
부추나물,나물·숙채류,50.0,9.0,68.5,0.45,0.99,0.6,0.44,3
부추무침,생채·무침류,95.4,26.4,237.0,2.32,4.34,1.11,0.81,14
부추잡채,볶음류,86.5,64.9,153.1,2.34,3.36,4.24,3.77,3
부추전,전·적 및 부침류,94.7,210.5,250.1,1.84,29.75,6.41,6.3,6
북어강정,튀김류,32.1,153.4,709.0,2.37,13.65,6.71,7.84,5
북어구이,구이류,41.2,118.2,384.0,1.3,4.34,19.16,2.43,2
북어국,국 및 탕류,300.0,90.0,447.0,0.9,2.7,13.5,2.46,16
북어양념구이,구이류,170.0,232.9,484.5,3.89,11.25,34.51,4.98,1
북어조림,조림류,100.0,182.0,766.0,8.2,17.14,20.83,3.33,1
북어찜,찜류,400.0,377.8,1214.5,8.82,32.43,46.55,8.28,2
북어채 고추장 무침,생채·무침류,31.3,92.6,294.8,1.29,4.41,11.46,3.24,1
북어채무침,생채·무침류,120.0,208.1,698.9,5.2,12.29,31.73,3.38,2
분짜,면 및 만두류,100.0,136.0,398.0,5.47,19.75,5.91,3.66,1
불고기전골,찌개 및 전골류,900.0,728.5,2434.7,34.98,78.92,52.3,24.69,4
불낙전골,찌개 및 전골류,420.0,272.2,892.7,3.4,19.85,24.12,10.8,6
붕어 매운탕,찌개 및 전골류,600.0,138.0,672.0,1.5,6.48,18.6,4.2,1
붕어찜,찜류,1100.0,836.0,3949.0,16.17,71.61,54.34,36.85,1
브로콜리 두부무침,생채·무침류,50.0,17.5,83.5,1.16,3.08,1.0,0.36,4
브로콜리 버섯볶음,볶음류,50.0,12.0,70.0,0.29,1.5,0.65,0.57,4
브로콜리 채소무침,생채·무침류,50.0,17.0,91.0,1.49,3.6,0.85,0.17,1
브로콜리무침,생채·무침류,50.0,16.0,87.5,1.45,3.5,0.8,0.12,3
브로콜리볶음,볶음류,90.0,45.9,84.6,1.28,4.98,3.98,1.15,1
비름나물,나물·숙채류,50.0,14.0,95.2,0.23,1.84,1.02,0.53,12
비름나물무침,나물·숙채류,80.0,58.4,268.0,0.69,4.56,2.77,3.24,1
비빔 잡곡밥,밥류,300.0,414.0,279.0,2.04,76.98,10.8,6.36,1
비빔국수,면 및 만두류,197.3,370.9,1102.9,6.07,59.84,12.63,7.69,5
비빔냉면,면 및 만두류,586.5,545.1,1052.0,8.52,91.76,23.44,8.48,2
비빔막국수,면 및 만두류,700.0,728.0,1792.0,26.74,150.29,21.42,6.02,1
비빔면,면 및 만두류,1154.0,1765.6,4304.4,49.97,232.76,65.78,63.24,1
비빔밥,밥류,400.0,540.0,780.9,6.73,85.14,18.54,10.8,25
비프까스,튀김류,275.0,572.0,717.8,6.9,33.69,22.27,37.62,1
빙떡(메밀전병),빵 및 과자류,100.0,168.0,346.0,0.62,21.62,6.18,6.29,1
빙수,유제품류 및 빙과류,100.0,143.5,57.0,20.01,25.55,4.61,2.57,2
뼈다귀해장국,국 및 탕류,650.0,136.5,702.0,2.34,6.24,17.55,4.09,3
사골국,국 및 탕류,563.0,197.1,33.8,1.01,16.55,10.13,9.4,4
사태찜,찜류,300.0,330.0,906.0,0.39,11.01,36.3,15.51,1
산자,빵 및 과자류,30.0,109.8,6.9,9.4,24.65,0.69,0.93,1
산적,전·적 및 부침류,170.0,340.0,996.2,0.1,2.63,49.4,14.55,1
삶은 땅콩 조림,조림류,65.5,124.5,495.2,2.5,13.85,4.45,6.38,3
삼각김밥,밥류,100.0,172.5,312.5,0.12,32.25,4.27,3.41,6
삼겹살구이,구이류,200.0,870.0,1086.0,5.73,12.98,36.77,74.52,2
삼겹살볶음,볶음류,186.4,360.7,836.9,8.81,17.75,15.08,25.57,4
삼계탕,국 및 탕류,831.6,382.5,522.0,4.05,34.56,43.24,15.4,5
삼색 오이냉국,국 및 탕류,160.0,27.2,374.4,4.29,5.63,0.96,0.34,1
삼색냉채,생채·무침류,150.0,102.0,547.5,5.99,10.81,8.4,2.85,3
삼치 양념구이,구이류,68.6,129.7,391.0,2.87,10.55,15.64,2.84,2
삼치 카레구이,구이류,75.6,161.0,241.9,0.33,2.8,20.49,6.84,2
삼치구이,구이류,200.0,170.1,359.2,0.0,2.9,19.32,8.0,5
삼치조림,조림류,95.0,115.8,285.9,2.03,4.23,11.89,4.46,5
삼치찌개,찌개 및 전골류,297.0,148.5,1030.6,3.21,9.95,18.41,3.8,1
삼치튀김,튀김류,89.5,121.7,821.7,0.01,3.15,12.32,6.13,2
상추 겉절이,생채·무침류,115.0,25.4,165.2,1.95,4.09,1.11,0.82,4
상추겉절이,생채·무침류,90.0,25.4,159.4,1.95,4.11,1.09,0.82,4
새송이버섯 구이,구이류,75.4,43.7,150.8,0.53,3.14,1.21,3.63,3
새송이버섯볶음,볶음류,120.0,36.0,189.7,1.01,4.74,1.71,2.18,2
새송이버섯전,전·적 및 부침류,95.0,59.9,88.3,0.16,5.6,3.0,3.54,1
새싹 샐러드,생채·무침류,104.4,122.1,77.3,2.6,5.23,1.46,11.07,3
새우 탕수,튀김류,94.4,193.1,284.8,6.17,15.86,14.2,7.68,4
새우구이,구이류,240.0,181.5,781.5,0.03,2.6,32.17,4.49,2
새우무침,생채·무침류,27.0,86.7,124.7,2.17,4.18,9.99,3.18,2
새우볶음,볶음류,200.0,166.0,652.0,7.98,11.92,19.82,4.42,1
새우전,전·적 및 부침류,65.9,174.0,519.3,0.04,8.9,15.22,7.96,3
새우젓,젓갈류,10.0,6.9,740.2,0.05,0.6,0.71,0.18,1
새우젓국,국 및 탕류,320.0,73.6,883.2,2.4,7.07,6.4,2.3,3
새우조림,조림류,241.8,166.0,856.9,1.44,8.42,20.31,5.18,2
새우탕,국 및 탕류,760.5,304.2,1650.3,6.77,19.09,47.15,4.26,6
새우튀김,튀김류,91.3,132.4,293.7,2.02,15.09,6.48,5.06,4
새우튀김롤,밥류,300.0,606.0,1392.0,11.13,96.27,14.46,18.18,1
샌드위치,빵 및 과자류,140.0,354.3,703.0,3.82,26.82,15.73,19.8,12
샐러드,생채·무침류,150.0,195.8,206.9,6.59,13.8,2.5,13.21,16
생선까스,튀김류,138.7,253.2,484.3,0.67,13.4,17.16,12.0,6
생선전,전·적 및 부침류,150.0,249.8,760.5,0.26,8.72,24.2,13.06,2
샤브샤브,찌개 및 전골류,812.0,418.6,2504.6,19.15,29.81,36.87,14.0,6
서대구이,구이류,79.2,127.5,932.2,0.0,0.56,19.88,4.57,1
섞박지,김치류,81.7,31.4,1419.8,1.91,5.24,1.74,0.83,2
섞어찌개(모듬찌개),찌개 및 전골류,416.3,176.4,976.4,4.73,18.78,10.59,7.35,2
선지해장국,국 및 탕류,600.0,204.0,1668.0,2.46,12.42,26.4,5.88,1
선짓국,국 및 탕류,460.0,153.0,1483.2,2.39,11.56,17.04,4.73,4
설렁탕,국 및 탕류,500.0,120.0,310.5,0.41,10.19,11.55,2.9,3
세발나물무침,나물·숙채류,100.0,78.0,701.0,3.67,7.05,3.01,4.25,1
세발낙지볶음,볶음류,256.0,174.1,1131.5,11.72,20.17,12.03,5.86,3
세발낙지찜,찜류,600.0,444.0,1410.0,5.4,22.8,33.0,25.86,1
소간 채소볶음,볶음류,104.2,125.0,518.9,3.95,8.07,10.94,5.51,1
소갈비 구이,구이류,141.4,296.9,581.2,4.92,8.95,14.42,21.54,4
소갈비찜,찜류,225.2,360.3,596.8,6.85,11.94,18.02,25.49,5
소고기 감자죽,죽 및 스프류,283.9,242.4,167.4,0.77,35.71,8.18,6.56,2
소고기 국밥,밥류,809.0,533.9,792.3,2.05,101.45,18.61,5.13,3
소고기 덮밥,밥류,387.9,465.5,298.7,2.68,73.39,12.8,11.91,3
소고기 두부국,국 및 탕류,320.0,108.8,512.0,0.13,1.98,8.96,6.98,1
소고기 떡찜,찜류,78.4,237.6,279.9,1.14,25.24,8.31,11.35,1
소고기 무국,국 및 탕류,251.9,57.9,340.1,0.43,1.34,4.03,3.75,3
소고기 미역국,국 및 탕류,300.0,46.0,720.0,0.06,2.18,3.8,3.1,5
소고기 샌드위치,빵 및 과자류,250.0,507.5,820.0,7.33,49.25,17.25,26.52,3
소고기 샤브샤브,찌개 및 전골류,930.0,437.1,1041.6,3.53,38.13,27.9,19.34,1
소고기 완자전,전·적 및 부침류,61.9,195.9,297.8,0.12,6.23,8.73,14.33,4
소고기 장조림,조림류,50.0,94.0,318.0,0.7,3.11,7.45,3.68,9
소고기국,국 및 탕류,563.0,191.4,33.8,0.79,16.44,10.13,9.4,2
소고기버섯죽,죽 및 스프류,213.6,238.2,376.1,0.21,39.74,7.92,6.05,4
소고기볶음,볶음류,160.8,229.2,329.2,2.56,6.87,10.35,14.68,14
소고기산적,전·적 및 부침류,200.0,454.0,1392.0,0.0,7.34,48.4,25.56,1
소고기샤브샤브,찌개 및 전골류,930.0,427.8,1060.2,3.72,37.94,27.43,18.97,1
소고기스튜,찜류,127.6,238.6,395.6,2.95,11.78,12.89,14.87,1
소고기육개장,국 및 탕류,220.0,70.4,321.2,1.21,4.6,5.7,3.7,3
소고기전골,찌개 및 전골류,864.0,393.4,2319.6,5.84,19.01,38.85,21.66,6
소고기찜,찜류,196.9,234.3,320.9,5.2,9.96,10.83,16.84,2
소고기채소볶음,볶음류,128.7,187.6,267.8,3.62,5.58,7.64,14.58,4
소고기튀김,튀김류,114.2,294.6,488.8,2.15,11.55,11.88,21.61,1
소곱창 구이,구이류,66.2,113.2,196.0,1.61,2.46,5.83,7.87,1
소곱창 볶음,볶음류,99.2,176.6,366.0,1.78,4.95,8.93,13.47,1
소내장구이,구이류,260.0,239.2,148.2,0.26,1.95,17.55,16.98,1
소등심 스테이크,구이류,91.2,206.1,100.3,2.05,3.01,9.67,16.62,4
소등심구이,구이류,127.7,408.6,325.0,0.0,0.33,20.3,34.21,4
소라무침,생채·무침류,91.0,111.0,50.0,1.82,6.79,17.02,1.44,2
소라산적,전·적 및 부침류,80.0,120.0,396.8,0.85,6.45,17.92,2.51,1
소보로빵,빵 및 과자류,70.0,277.2,202.3,11.73,42.15,6.31,10.59,3
소불고기,구이류,160.0,212.1,278.0,3.12,7.55,11.97,16.79,7
소사태찜,찜류,95.3,130.6,234.4,2.76,9.95,12.01,4.43,3
소스/드레싱,"장류, 양념류",768.0,890.9,4070.4,45.54,58.83,68.58,42.55,1
소시지 케첩볶음,볶음류,93.6,227.9,622.2,4.49,12.14,10.81,14.95,4
소시지볶음,볶음류,170.0,226.1,720.8,4.22,13.14,11.44,14.1,10
소시지조림,조림류,62.2,145.5,600.1,2.62,8.02,7.4,9.23,3
소시지튀김,튀김류,61.2,182.2,562.0,0.79,11.75,8.01,10.84,4
소안심스테이크,구이류,232.0,457.0,561.4,3.64,6.12,38.51,29.02,1
소탕,국 및 탕류,150.0,87.0,354.0,0.03,1.91,7.65,5.36,1
송어 매운탕,찌개 및 전골류,275.8,148.9,681.2,4.3,11.11,18.2,3.72,1
송편,빵 및 과자류,100.0,200.0,260.0,1.26,42.83,5.24,0.8,5
수란,찜류,100.0,145.0,110.0,,0.2,12.3,11.7,1
수박화채,음료 및 차류,200.0,84.0,18.0,11.56,15.58,2.4,1.74,4
수수경단,빵 및 과자류,100.0,218.0,238.0,,43.1,8.2,1.4,1
수수밥,밥류,290.0,342.2,3.8,0.07,74.88,6.32,0.6,5
수수부꾸미,빵 및 과자류,100.0,248.0,261.0,0.24,42.1,5.73,6.29,1
수수팥떡,빵 및 과자류,100.0,204.0,242.0,2.82,43.03,6.7,0.59,1
수육,찜류,180.0,151.2,93.0,0.3,1.01,16.84,11.29,3
수제비,면 및 만두류,485.0,297.4,746.3,1.19,57.85,11.67,2.15,8
숙주나물,나물·숙채류,70.0,12.7,144.8,0.13,1.33,0.8,0.67,15
숙주미나리나물,나물·숙채류,80.0,14.4,142.4,0.21,1.35,0.83,0.79,3
순 현미밥,밥류,250.0,322.5,20.0,1.02,68.97,6.5,1.8,1
순대,찜류,69.3,161.5,756.4,0.72,20.58,6.05,5.71,5
순대국,국 및 탕류,498.8,299.4,882.9,1.48,22.37,12.75,8.83,6
순대볶음,볶음류,300.0,267.0,777.0,7.56,44.43,7.28,10.23,15
순대전골,찌개 및 전골류,450.0,342.0,720.0,3.06,28.26,25.25,14.31,1
순두부찌개,찌개 및 전골류,881.0,383.0,2325.8,9.48,25.35,33.04,15.87,9
숭어 매운탕,찌개 및 전골류,275.8,140.7,664.7,4.3,11.34,18.75,2.4,1
스크램블드에그,전·적 및 부침류,84.2,117.7,330.4,0.39,1.11,8.71,7.75,6
스테이크,구이류,477.0,765.6,1061.4,18.1,35.64,52.71,39.12,11
스파게티,면 및 만두류,500.0,920.0,1510.0,13.5,103.17,29.23,48.45,29
스프,죽 및 스프류,100.0,45.0,251.0,2.52,7.23,1.06,1.59,5
시금치 겉절이,생채·무침류,80.9,43.7,288.8,1.19,5.08,2.43,2.03,2
시금치 된장국,국 및 탕류,230.0,32.2,515.9,1.36,4.56,2.64,0.7,4
시금치나물,나물·숙채류,50.0,16.2,111.0,0.49,1.89,0.96,0.71,14
시래기 된장국,국 및 탕류,245.0,32.6,509.3,0.82,4.64,2.1,0.93,4
시래기나물,나물·숙채류,75.0,25.6,459.1,1.42,4.63,0.88,1.44,5
시래기나물무침,나물·숙채류,50.0,57.0,257.0,0.27,3.87,2.16,3.64,1
시루떡,빵 및 과자류,100.0,224.0,264.0,3.22,48.08,5.47,1.85,3
시리얼,빵 및 과자류,190.0,161.5,138.7,13.3,24.98,5.51,4.26,1
식빵,빵 및 과자류,100.0,271.5,564.0,3.03,49.77,9.34,3.93,2
식빵튀김,튀김류,41.7,109.3,142.6,2.84,15.43,2.5,4.14,3
식혜,음료 및 차류,150.0,130.5,3.0,17.04,24.32,2.29,2.62,1
쌀국수,면 및 만두류,560.0,318.0,2056.2,2.13,55.08,12.88,4.2,5
쌀밥,밥류,250.0,300.0,2.5,0.38,64.45,5.5,0.85,3
쌀죽(흰죽),죽 및 스프류,100.0,53.0,0.0,0.0,11.45,1.02,0.15,7
쌈장,"장류, 양념류",22.1,31.4,516.0,1.89,4.45,1.44,1.01,2
쑥 된장국,국 및 탕류,208.3,52.1,510.3,1.19,5.85,4.58,1.5,3
쑥갓나물,나물·숙채류,50.0,16.5,137.5,0.05,1.11,1.19,0.74,12
쑥갓나물무침,생채·무침류,150.0,96.0,709.5,0.3,6.6,4.5,5.7,1
쑥갓무침,생채·무침류,34.2,13.7,81.1,0.08,1.37,0.85,0.67,1
쑥갓오이무침,생채·무침류,126.4,46.8,197.8,0.49,7.05,2.4,1.34,2
쑥떡,빵 및 과자류,100.0,249.0,254.0,10.72,57.89,3.36,0.4,1
쑥전(부침개),구이류,96.5,122.6,519.2,0.02,12.97,4.63,6.07,1
쑥튀김,튀김류,60.3,141.1,332.9,0.05,12.03,3.98,8.27,2
씀바귀나물,나물·숙채류,60.0,22.8,177.6,1.12,3.92,0.9,0.67,1
씀바귀나물무침,나물·숙채류,90.0,87.3,183.6,1.15,14.91,3.48,1.56,1
아구탕,국 및 탕류,600.0,246.0,1866.0,1.8,12.78,37.8,4.92,1
아귀 매운탕,찌개 및 전골류,333.1,123.2,692.8,3.06,12.12,15.32,2.04,3
아귀지리,찌개 및 전골류,540.0,113.4,469.8,1.08,4.81,21.44,0.7,1
아귀찜,찜류,300.0,129.0,642.5,1.95,10.54,12.87,3.74,6
아욱 된장국,국 및 탕류,190.0,35.8,472.9,0.8,5.35,3.0,0.66,5
아이스 카페라떼,음료 및 차류,355.0,163.3,60.4,18.25,23.89,4.97,5.33,3
아이스 카페모카,음료 및 차류,355.0,287.5,94.1,29.0,42.42,6.04,10.9,4
아이스크림,유제품류 및 빙과류,100.0,196.0,79.0,25.42,30.45,3.17,6.86,1
알밥,밥류,500.0,430.0,845.0,3.7,78.35,12.0,7.25,6
알탕,찌개 및 전골류,520.0,202.8,1300.0,1.31,9.05,33.12,3.85,3
앙금빵,빵 및 과자류,100.0,372.0,221.0,16.29,41.64,7.0,19.72,1
애호박 감자된장국,국 및 탕류,222.2,51.1,413.3,1.49,7.44,4.22,0.71,3
애호박 된장국,국 및 탕류,320.0,73.6,905.6,3.1,10.18,6.4,1.54,1
애호박 볶음,볶음류,49.4,31.6,100.8,0.88,2.1,0.54,2.45,1
애호박나물,나물·숙채류,50.0,18.5,81.0,1.32,2.75,0.65,0.72,3
애호박볶음,볶음류,50.0,29.5,223.5,0.21,2.65,0.66,1.81,1
애호박부침개,전·적 및 부침류,86.5,126.8,144.5,1.13,14.9,5.06,4.91,4
애호박전,전·적 및 부침류,70.0,75.6,142.1,1.16,7.27,2.1,4.33,5
애호박죽,죽 및 스프류,171.5,132.1,97.8,0.74,25.73,2.4,1.65,1
애호박찌개,찌개 및 전골류,266.0,101.2,619.9,2.53,10.11,9.75,2.6,4
애호박찜,찜류,117.4,46.3,716.6,2.47,5.7,2.19,1.88,4
액상커피,음료 및 차류,100.0,17.0,0.0,1.68,3.98,0.2,0.01,3
약과,빵 및 과자류,30.0,119.7,17.1,5.07,25.47,1.26,1.43,1
약식,빵 및 과자류,100.0,220.0,221.0,13.24,45.24,4.21,2.45,1
양념 도토리묵,생채·무침류,116.9,64.3,424.3,0.18,11.58,1.29,1.48,1
양념 돼지고기튀김,튀김류,192.5,363.8,668.0,4.22,26.74,24.83,16.52,2
양념 바지락젓,젓갈류,12.5,6.2,0.1,0.1,0.26,0.72,0.25,1
양념 새우젓,젓갈류,15.0,10.1,879.5,0.23,1.02,1.09,0.23,1
양념 오징어젓,젓갈류,15.0,9.9,301.9,0.21,0.79,1.23,0.2,3
양념두부,볶음류,66.4,45.2,69.7,0.06,1.99,4.12,2.25,1
양념채김치,김치류,190.3,100.9,2026.7,6.87,14.27,6.28,2.95,1
양념초장,"장류, 양념류",5.0,6.7,239.2,0.07,1.09,0.52,0.05,2
양미리조림,조림류,123.2,176.2,352.4,1.88,6.91,22.3,5.48,3
양배추 겉절이,생채·무침류,78.4,32.1,313.9,2.66,5.39,1.4,1.0,4
양배추 된장국,국 및 탕류,184.4,62.7,577.2,2.97,7.25,5.35,1.64,1
양배추 사과 샐러드,생채·무침류,55.4,75.3,40.4,4.04,5.62,0.44,5.95,3
양배추 샐러드,생채·무침류,122.2,121.0,177.2,2.69,5.28,1.1,10.94,2
양배추 초나물,나물·숙채류,113.3,74.2,198.3,6.35,10.7,2.27,3.12,2
양배추김치,김치류,54.7,21.3,1148.2,2.19,4.53,1.2,0.21,1
양배추나물,나물·숙채류,40.2,28.5,321.2,1.78,3.49,0.88,1.51,2
양배추부추무침,생채·무침류,62.0,22.2,217.3,2.24,4.39,1.23,0.34,4
양배추오이  샐러드,생채·무침류,34.1,64.1,40.9,1.46,2.8,0.61,5.83,2
양상추 샐러드,생채·무침류,73.4,57.6,79.0,2.31,3.52,0.99,4.57,4
양송이 덮밥,밥류,572.0,532.0,263.1,7.26,112.34,10.87,3.72,2
양송이버섯볶음,볶음류,100.1,94.7,248.3,2.3,4.62,4.34,7.05,4
양장피,생채·무침류,344.4,279.0,1246.7,10.85,18.36,36.85,6.2,3
양태구이,구이류,100.0,107.0,672.0,0.0,0.1,14.0,5.11,1
양파 소고기전,전·적 및 부침류,82.0,127.1,356.7,2.88,7.28,4.1,8.72,1
양파링튀김,튀김류,100.0,411.0,776.0,5.43,43.58,3.86,25.23,1
양파볶음,볶음류,105.2,70.5,339.8,4.07,4.97,0.95,5.45,3
양파장아찌,장아찌·절임류,50.0,31.5,3025.0,7.71,8.03,0.3,0.01,1
어묵 감자볶음,볶음류,79.7,165.8,445.5,3.48,18.82,6.54,7.23,3
어묵 매운탕,찌개 및 전골류,236.4,93.1,511.8,3.71,13.57,6.48,1.94,4
어묵 오이무침,생채·무침류,105.7,133.2,562.3,5.76,19.16,8.14,3.24,3
어묵 우동,면 및 만두류,580.0,353.8,1233.3,1.06,65.05,10.75,4.39,4
어묵국,국 및 탕류,190.0,79.7,819.0,1.92,10.15,6.18,1.88,4
어묵국(어묵탕),국 및 탕류,320.0,69.0,704.0,1.92,9.91,4.48,1.59,5
어묵국물,국 및 탕류,300.0,21.0,702.0,0.42,3.15,1.5,0.39,1
어묵볶음,볶음류,100.0,117.0,514.5,2.39,14.65,5.7,4.14,15
어묵잡채,볶음류,168.6,213.4,715.3,3.74,16.78,11.06,11.02,4
어묵전,전·적 및 부침류,67.2,182.2,607.0,1.54,19.12,8.38,7.59,2
어묵조림,조림류,82.5,142.7,833.2,5.35,17.47,7.67,4.72,7
어묵탕,국 및 탕류,600.0,180.0,1440.0,4.32,23.52,12.6,4.38,8
어묵튀김,튀김류,73.0,130.8,589.5,1.39,11.31,6.18,6.5,4
어육소시지전,전·적 및 부침류,80.0,141.6,352.8,1.63,10.18,6.58,8.11,1
어죽,죽 및 스프류,800.0,552.0,2104.0,9.84,100.8,20.4,7.52,1
어탕,국 및 탕류,150.0,85.5,484.5,0.0,1.81,12.71,3.09,1
얼갈이 겉절이,생채·무침류,100.0,22.0,224.0,1.99,4.12,1.3,0.43,1
얼갈이 나물,나물·숙채류,100.0,48.0,1483.0,0.68,3.98,1.9,3.05,2
얼갈이 된장국,국 및 탕류,250.0,29.0,496.5,1.02,4.0,2.2,0.82,4
얼갈이겉절이,생채·무침류,110.0,23.1,238.0,1.51,3.97,1.23,0.56,3
얼갈이배추김치,김치류,90.0,40.2,388.9,0.73,6.56,1.58,0.87,2
연근전,전·적 및 부침류,134.7,110.5,18.9,0.77,13.83,2.56,4.75,2
연근조림,조림류,55.0,78.8,270.9,2.24,13.03,1.55,1.06,6
연근튀김,튀김류,120.4,187.8,468.4,1.13,19.59,3.73,10.07,3
연두부찌개,찌개 및 전골류,257.8,108.3,750.2,2.45,6.68,12.37,3.82,1
연두부찜,찜류,133.6,92.8,271.1,1.51,5.9,6.81,4.56,4
연어구이,구이류,86.9,120.2,738.4,0.0,0.17,14.45,6.3,5
연어롤,밥류,300.0,510.0,1212.0,8.46,74.31,18.57,15.39,1
연어튀김,튀김류,70.9,105.6,688.4,0.01,6.85,9.29,4.05,1
연잎밥,밥류,100.0,207.0,178.0,,47.0,4.0,0.3,1
연포탕,국 및 탕류,1000.0,540.0,2340.0,0.2,20.2,94.9,9.0,1
열무 겉절이,생채·무침류,68.8,17.2,776.8,1.2,3.29,1.1,0.18,1
열무 된장국,국 및 탕류,152.5,30.5,515.5,0.75,3.26,3.2,0.78,3
열무 비빔밥,밥류,600.0,519.0,672.0,3.66,101.16,14.4,4.95,2
열무김치,김치류,100.0,36.0,583.0,0.68,5.87,2.39,0.38,1
열무나물,나물·숙채류,90.0,34.0,324.0,0.61,3.68,2.63,0.96,9
열무물김치,김치류,100.0,18.0,493.0,1.68,2.91,1.41,0.07,1
열무얼갈이김치,김치류,50.0,17.5,340.0,0.46,2.61,1.07,0.33,1
영양돌솥밥,밥류,339.1,416.5,70.6,2.21,88.52,8.51,1.54,5
오겹살구이,구이류,100.0,408.0,76.0,0.72,2.72,20.18,35.14,1
오곡밥,밥류,263.0,393.7,401.3,0.55,82.29,10.67,1.6,4
오리 간장불고기,구이류,180.0,176.4,563.4,5.27,11.09,22.68,4.34,1
오리감자죽,죽 및 스프류,302.0,292.9,365.4,0.85,45.63,11.17,6.46,1
오리고기구이,구이류,200.0,586.0,1416.0,0.0,9.78,48.12,39.4,1
오리고기로스,구이류,42.7,72.2,217.8,0.0,0.33,12.68,1.87,4
오리백숙,찌개 및 전골류,300.0,408.6,550.8,0.75,36.26,31.77,22.5,3
오리볶음,볶음류,420.0,718.2,1066.8,11.13,30.66,43.97,47.33,1
오리불고기,구이류,200.0,188.0,413.9,7.22,15.69,17.54,4.41,4
오리죽,죽 및 스프류,400.0,620.0,248.0,0.0,79.8,30.0,19.96,1
오리탕,찌개 및 전골류,237.0,262.6,714.8,3.93,25.75,12.9,11.76,5
오므라이스,밥류,400.0,526.5,754.6,6.59,77.49,15.41,9.99,5
오믈렛,전·적 및 부침류,140.0,123.2,328.8,1.01,2.63,8.82,7.63,3
오븐스파게티,면 및 만두류,700.0,854.0,840.0,12.25,117.39,39.2,24.43,1
오이 도라지 생채,생채·무침류,100.0,41.3,242.8,3.85,8.97,1.3,0.52,4
오이 물김치,김치류,100.0,51.0,2268.0,4.21,8.73,2.9,1.3,1
오이 미역냉국,국 및 탕류,270.0,35.1,912.6,4.97,7.86,1.89,0.57,1
오이고추 된장무침,생채·무침류,50.0,16.0,156.5,0.73,2.59,0.7,0.46,4
오이김치,김치류,70.0,26.6,866.1,1.66,3.95,1.44,0.29,5
오이나물,나물·숙채류,108.1,78.9,338.4,1.12,3.2,1.41,6.94,3
오이냉국,국 및 탕류,134.4,9.4,361.6,0.42,1.77,0.91,0.24,5
오이모듬무침,생채·무침류,70.0,23.8,213.5,2.69,4.82,0.98,0.41,1
오이무침,생채·무침류,65.0,23.9,129.8,2.11,4.0,0.84,0.44,8
오이부추무침,생채·무침류,50.0,13.0,103.0,1.31,2.84,0.45,0.17,1
오이생채,생채·무침류,65.0,19.6,166.2,2.01,3.86,0.85,0.43,20
오이소박이,김치류,100.0,37.0,454.0,3.1,6.66,1.93,0.5,3
오이장아찌,장아찌·절임류,57.9,41.1,1152.8,2.33,4.46,1.1,2.22,3
오이지,장아찌·절임류,75.0,19.8,1697.5,0.94,1.97,0.59,1.07,2
오이지무침,생채·무침류,60.0,29.8,766.0,1.95,3.81,0.64,1.02,6
오징어 덮밥,밥류,900.0,819.0,1233.0,15.84,130.41,45.9,11.25,5
오징어국,국 및 탕류,300.0,72.0,687.0,1.2,3.65,11.1,1.17,5
오징어무침,생채·무침류,82.5,55.5,179.9,3.15,5.56,6.69,0.96,10
오징어미역초무침,생채·무침류,33.3,29.0,377.3,0.22,1.74,4.99,0.57,1
오징어볶음,볶음류,250.0,206.9,660.0,6.28,20.47,20.5,4.89,10
오징어불고기,구이류,231.8,285.1,848.4,6.4,16.69,38.02,7.51,3
오징어산적,전·적 및 부침류,80.0,101.6,476.8,0.91,3.6,17.38,1.98,1
오징어순대,찜류,300.0,286.5,1036.2,0.82,30.96,31.23,4.05,2
오징어젓,젓갈류,10.0,6.0,215.1,0.24,0.34,1.01,0.07,1
오징어조림,조림류,151.8,93.8,441.1,2.47,8.42,12.6,1.08,4
오징어찌개,찌개 및 전골류,336.4,89.6,710.4,2.78,8.55,11.3,1.15,4
오징어찜,찜류,166.1,93.0,187.7,1.21,4.34,14.12,2.19,1
오징어채무침,생채·무침류,82.5,100.3,338.4,3.97,8.31,11.26,2.0,6
오징어채볶음,볶음류,100.0,114.8,365.4,2.25,5.45,14.6,4.72,5
오징어채조림,조림류,50.0,120.0,565.0,6.89,12.68,11.76,2.45,1
오징어탕수,튀김류,94.4,195.4,277.2,5.15,16.14,12.28,8.55,4
오징어튀김,튀김류,88.5,103.3,152.5,0.03,5.75,7.3,5.26,4
오징어포조림,조림류,67.6,89.9,303.5,3.91,8.81,10.48,1.2,1
옥돔구이,구이류,230.0,89.7,75.9,0.0,0.25,11.29,4.42,1
옥수수,찜류,200.0,370.0,180.0,4.72,68.4,13.36,4.84,1
옥수수구이,구이류,80.0,115.6,142.6,3.04,11.69,2.18,6.65,2
옥수수밥,밥류,350.0,437.0,11.5,1.12,93.81,8.49,1.53,4
옥수수부침,전·적 및 부침류,130.9,230.4,768.4,3.09,30.04,3.93,10.41,3
옥수수샐러드,생채·무침류,112.4,167.7,226.7,4.56,13.09,1.69,10.8,6
올갱이국,국 및 탕류,600.0,144.0,2016.0,1.62,13.02,13.68,4.2,1
올갱이국수,면 및 만두류,1500.0,570.0,3870.0,18.6,111.6,11.25,8.25,1
올갱이해장국,국 및 탕류,262.0,107.4,896.0,2.02,9.27,10.48,3.54,3
완두콩밥,밥류,250.0,322.4,2.5,0.4,68.99,6.42,0.93,4
완자전,전·적 및 부침류,150.0,321.0,553.5,0.54,13.51,19.62,19.12,9
완자조림,조림류,123.3,208.8,275.5,3.05,15.66,17.21,7.76,4
우거지나물무침,나물·숙채류,150.0,129.0,772.5,1.5,8.7,4.5,8.51,1
우동,면 및 만두류,785.0,507.3,2042.5,1.53,90.43,14.88,7.1,12
우동볶음,면 및 만두류,300.0,384.0,771.0,1.29,74.37,8.4,6.03,1
우럭 매운탕,찌개 및 전골류,478.2,141.3,727.2,3.85,13.3,17.38,2.75,2
우럭구이,구이류,100.0,111.0,703.0,0.0,0.45,13.5,5.67,3
우럭튀김,튀김류,61.8,178.6,1185.9,0.01,11.87,15.26,7.49,1
우럭회덮밥,밥류,750.0,502.5,480.0,11.62,86.03,26.18,5.78,1
우엉 양념구이,구이류,216.2,144.9,129.7,3.44,26.07,3.68,3.05,1
우엉볶음,볶음류,72.2,77.1,219.9,1.32,7.85,1.99,4.39,4
우엉조림,조림류,50.0,60.0,333.9,4.28,10.44,1.88,1.0,5
우유,유제품류 및 빙과류,100.0,73.0,23.0,10.24,11.04,2.04,2.31,1
울면,면 및 만두류,1010.0,798.5,2205.8,4.13,135.75,40.63,8.65,2
월남쌈,면 및 만두류,656.5,829.2,1872.2,44.09,81.84,49.37,29.78,4
유과,빵 및 과자류,30.0,127.2,6.9,7.25,22.27,0.84,3.85,1
유부 된장국,국 및 탕류,277.2,203.8,919.5,1.73,7.52,13.48,13.14,2
유부 초밥,밥류,298.4,593.8,399.9,6.6,81.12,17.31,20.05,3
유부국,국 및 탕류,190.0,32.3,307.8,0.38,2.15,2.05,1.94,1
유부조림,조림류,100.0,254.0,243.0,3.23,7.95,13.7,18.34,1
유산슬,볶음류,220.0,189.2,464.2,2.42,9.02,16.59,8.04,3
유채김치,김치류,100.0,62.0,926.0,,10.1,3.5,0.8,1
유채나물,나물·숙채류,85.0,29.6,241.9,0.64,3.6,2.8,0.92,8
유채무침,생채·무침류,79.2,47.5,179.8,4.91,9.88,2.69,0.53,4
유채물김치,김치류,100.0,17.0,452.0,,3.0,1.0,0.1,1
육개장,국 및 탕류,320.0,114.4,495.6,1.93,6.56,12.06,3.94,15
육회,수·조·어·육류,225.0,334.5,679.5,18.65,25.84,21.7,16.3,2
육회비빔밥,밥류,700.0,805.0,539.0,4.97,123.62,27.3,20.16,1
율무밥,밥류,270.0,318.6,5.4,0.03,69.01,5.94,0.46,4
율무죽,죽 및 스프류,100.0,77.0,1.0,0.1,13.75,3.26,0.98,1
율무차,음료 및 차류,100.0,62.5,51.0,7.83,12.25,0.85,1.23,2
은대구구이,구이류,100.0,137.0,762.0,0.0,0.03,9.2,10.5,1
인절미,빵 및 과자류,100.0,231.0,297.0,4.58,49.69,5.52,1.15,3
임연수구이,구이류,100.0,199.4,757.2,0.0,0.73,20.57,11.76,5
임연수조림,조림류,102.3,107.9,245.3,3.03,5.29,11.81,4.11,2
임연수튀김,튀김류,72.3,198.4,641.2,0.01,9.62,14.14,10.64,4
잉어 매운탕,찌개 및 전골류,275.8,143.4,637.1,4.3,11.25,15.72,4.14,1
자장면,면 및 만두류,600.0,741.0,2073.5,10.15,126.56,22.0,13.32,7
자장밥,밥류,485.0,656.7,1334.6,2.75,96.61,17.66,22.24,2
잔멸치 튀김,튀김류,235.6,157.9,1201.6,0.0,6.83,9.42,9.71,1
잔멸치볶음,볶음류,50.0,102.3,574.6,2.18,5.97,8.15,4.22,32
잔치국수,면 및 만두류,575.0,369.8,1729.2,3.62,68.7,12.32,4.04,4
잡곡밥,밥류,300.0,402.0,3.0,0.83,84.6,9.15,1.92,18
잡곡죽,죽 및 스프류,324.6,262.9,383.0,1.56,46.13,11.36,3.8,3
잡채,볶음류,192.0,173.3,407.6,3.43,27.61,4.78,5.41,16
잡채밥,밥류,550.0,632.4,407.8,2.87,112.4,16.55,7.68,5
잡탕밥,밥류,650.0,706.2,1295.8,0.97,103.69,37.17,15.11,2
잡탕전골,찌개 및 전골류,485.7,272.0,1355.1,3.55,24.24,23.8,8.4,1
잣죽,죽 및 스프류,259.0,313.4,373.0,0.91,46.41,6.47,11.45,3
장국국수,면 및 만두류,476.3,417.0,1623.2,1.72,62.0,18.33,8.65,4
장떡,전·적 및 부침류,70.0,137.9,186.9,1.58,19.1,2.57,5.35,1
장어 덮밥,밥류,500.0,475.0,400.0,2.1,75.2,17.5,9.95,2
장어 양념구이,구이류,69.0,228.1,534.0,3.55,11.65,11.38,14.76,5
장어 초밥,밥류,500.0,475.0,400.0,2.1,75.2,17.5,9.95,1
장어구이,구이류,150.0,259.0,362.6,0.44,8.8,19.82,17.21,5
장어매운탕,찌개 및 전골류,275.8,157.2,604.0,4.11,10.95,15.72,5.82,3
장어탕,국 및 탕류,800.0,536.0,3096.0,21.28,29.44,34.56,31.28,1
장어튀김,튀김류,67.2,140.4,604.1,0.01,4.46,6.85,9.91,2
장조림,조림류,100.0,138.0,602.0,3.13,6.3,10.41,5.06,11
재첩국,국 및 탕류,335.0,70.7,577.3,0.21,9.64,4.85,1.5,2
쟁반국수,면 및 만두류,550.0,616.0,888.2,15.92,104.22,22.55,12.79,2
쟁반짜장,면 및 만두류,900.0,1305.0,2889.0,21.78,212.67,52.65,23.67,1
적어구이,구이류,63.7,110.8,766.3,0.0,0.2,13.31,5.76,2
적어조림,조림류,203.9,110.1,289.5,2.22,6.79,14.27,1.94,1
전갱이구이,구이류,56.0,126.6,672.0,0.0,0.1,15.51,6.58,1
전복죽,죽 및 스프류,300.4,297.0,564.0,0.25,40.9,7.24,7.56,4
전복탕,국 및 탕류,600.0,198.0,1776.0,1.32,15.78,26.82,3.0,1
전어구이,구이류,360.0,118.8,694.8,0.0,0.22,21.1,2.95,1
전어조림,조림류,157.4,94.4,146.4,1.09,2.99,14.17,1.92,1
절편,빵 및 과자류,100.0,194.5,225.0,0.17,39.22,5.77,1.61,2
제육(돼지고기 수육),찜류,80.0,111.2,207.0,0.16,1.29,12.14,6.8,3
제육볶음,볶음류,173.2,215.4,511.7,6.34,14.04,22.37,8.78,12
조개 미역국,국 및 탕류,300.0,33.0,723.0,0.21,2.91,4.5,0.72,4
조개구이,구이류,180.0,234.0,817.2,6.48,18.79,31.37,3.73,1
조개국,국 및 탕류,475.0,111.8,1391.5,1.02,5.56,14.34,3.32,2
조개젓,젓갈류,100.0,103.0,3040.0,6.46,12.61,8.61,2.05,1
조개탕,국 및 탕류,300.0,36.0,333.0,0.54,2.1,5.4,0.45,1
조기 양념구이,구이류,69.8,152.9,1139.8,4.01,7.67,15.43,6.49,2
조기 오븐구이,구이류,80.0,31.6,26.4,0.0,0.02,4.72,1.26,2
조기구이,구이류,65.0,100.8,438.8,0.0,0.89,13.32,5.84,5
조기조림,조림류,300.0,384.0,1770.0,4.5,12.81,41.1,18.81,1
조기찌개,찌개 및 전골류,240.0,55.2,225.6,1.42,4.63,5.76,1.54,2
조기찜,찜류,241.9,171.7,304.8,2.13,6.24,22.25,6.12,3
조기튀김,튀김류,111.4,160.4,93.6,0.01,4.03,14.93,8.66,2
조미 김구이,구이류,50.0,19.2,193.2,0.07,0.88,0.9,1.71,2
족발,찜류,175.0,401.2,597.2,0.14,1.16,47.0,23.21,2
주꾸미볶음,볶음류,315.0,233.1,774.9,9.73,25.2,21.73,5.99,4
주꾸미삼겹살,볶음류,100.0,161.0,280.0,5.41,10.66,10.11,8.66,1
주먹밥,밥류,291.0,392.9,377.8,2.54,71.86,7.17,6.08,8
죽순볶음,볶음류,58.5,77.8,0.6,0.87,3.62,2.52,6.35,3
중식우동,면 및 만두류,960.0,873.6,1939.2,7.87,146.78,45.41,8.06,1
중식잡채,볶음류,450.0,373.5,504.0,5.08,61.11,10.35,10.08,1
쥐포무침,생채·무침류,21.6,66.9,308.1,4.85,7.3,5.84,1.66,4
쥐포조림,조림류,50.0,87.9,272.7,6.8,10.45,8.61,1.51,5
쥐포튀김,튀김류,77.5,229.1,438.5,6.3,24.15,8.58,10.84,2
증편,빵 및 과자류,100.0,200.0,284.0,3.19,44.15,3.17,1.2,1
지리탕,국 및 탕류,600.0,249.0,1413.0,1.44,10.11,41.64,4.44,2
짜사이무침,생채·무침류,50.0,21.5,473.5,1.4,1.83,0.2,1.52,2
짜장면,면 및 만두류,575.0,663.0,1979.0,10.13,128.59,24.0,9.73,4
짜장밥,밥류,350.0,483.6,936.0,7.23,81.02,14.11,4.83,5
짜장소스,"장류, 양념류",200.0,202.0,1076.0,8.3,25.72,8.6,7.42,4
짬뽕,면 및 만두류,810.0,494.1,1448.0,2.93,76.04,22.68,9.63,11
짬뽕라면,면 및 만두류,765.0,696.1,696.1,2.14,94.25,26.01,22.34,1
짬뽕밥,밥류,900.0,646.6,1198.8,7.54,104.85,28.8,11.45,3
쫄면,면 및 만두류,320.0,387.2,1375.0,14.66,79.14,11.01,2.56,5
쫄볶이,볶음류,630.0,945.0,4107.6,25.01,185.03,29.61,8.88,1
차돌박이구이,구이류,100.0,488.0,93.0,0.33,1.31,17.94,45.69,1
차조밥,밥류,290.0,345.1,3.8,0.09,74.85,6.32,0.81,5
찰밥,밥류,450.0,540.0,4.5,0.63,115.88,9.9,1.53,3
찰시루떡,빵 및 과자류,100.0,181.0,182.0,1.22,37.63,6.63,0.41,1
참깨죽,죽 및 스프류,100.0,38.0,120.0,,5.9,1.0,1.2,1
참나물,나물·숙채류,80.0,28.0,196.2,0.15,3.73,1.44,1.12,5
참나물 겉절이,생채·무침류,50.0,9.8,49.0,0.38,1.46,0.45,0.37,8
참나물 무침,생채·무침류,50.0,7.5,49.5,0.07,0.93,0.35,0.35,3
참나물겉절이,생채·무침류,190.0,34.2,271.7,2.09,5.53,1.41,1.14,1
참치 미역국,국 및 탕류,320.0,83.2,800.0,0.0,2.4,8.64,3.71,3
참치 샐러드,생채·무침류,67.7,143.7,153.4,1.25,1.99,8.45,11.69,4
참치 완자전,전·적 및 부침류,57.8,127.2,556.0,1.0,8.58,10.87,5.11,1
참치강정,튀김류,78.7,236.1,682.3,5.13,17.73,19.91,8.79,2
참치구이,구이류,64.4,204.8,727.7,0.0,0.03,21.57,12.25,3
참치덮밥,밥류,580.0,626.4,1977.8,11.89,92.28,33.64,12.35,1
참치죽,죽 및 스프류,600.0,360.0,732.0,2.22,50.7,14.4,10.8,5
참치찌개,찌개 및 전골류,348.6,146.4,1066.7,4.46,10.63,18.82,3.38,3
참치회덮밥,밥류,600.0,456.0,528.0,9.9,72.84,28.38,4.86,1
찹쌀떡,빵 및 과자류,100.0,277.0,191.0,24.35,62.93,4.09,2.14,3
찹쌀죽,죽 및 스프류,291.9,183.9,379.5,0.15,39.09,3.21,0.79,1
채소 꼬치구이,구이류,150.0,136.5,609.0,1.47,21.43,4.2,3.45,1
채소밥,밥류,267.3,304.7,358.2,0.94,61.64,6.95,2.43,3
채소전,전·적 및 부침류,121.2,232.0,324.5,1.25,28.57,5.75,10.38,6
채소죽,죽 및 스프류,400.0,212.2,498.0,2.16,45.23,6.76,2.76,7
채소튀김,튀김류,70.8,94.9,234.6,0.99,11.09,1.36,4.82,4
천사채무침,생채·무침류,220.0,160.6,545.6,1.43,6.49,7.26,12.12,4
청경채나물,나물·숙채류,100.0,14.0,156.0,0.23,1.59,1.06,0.58,1
청국장찌개,찌개 및 전골류,240.0,94.6,554.4,2.01,9.58,9.12,2.37,10
청어구이,구이류,200.0,258.0,782.0,0.0,0.44,16.4,20.06,1
청포묵 무침,생채·무침류,120.0,56.1,335.2,0.92,8.23,1.88,2.24,4
청포묵국,국 및 탕류,142.6,62.7,78.4,0.23,3.08,4.14,3.74,1
청포묵무침,생채·무침류,90.0,47.7,243.9,0.77,6.73,1.76,1.94,3
초간장,"장류, 양념류",15.0,10.8,478.4,0.0,1.7,0.99,0.0,4
초당순두부,국 및 탕류,900.0,522.0,1206.0,0.9,15.84,49.14,29.16,1
초밥,밥류,250.0,392.5,810.0,7.71,77.55,14.62,3.93,11
초코소라빵,빵 및 과자류,70.0,223.3,150.5,6.5,36.23,2.3,7.65,1
총각김치,김치류,100.0,42.0,630.0,3.0,7.89,1.92,0.29,1
추어탕,찌개 및 전골류,353.2,140.6,883.1,0.79,9.64,13.54,4.19,6
충무김밥,밥류,363.5,501.3,952.1,10.02,93.15,17.44,6.09,2
취나물,나물·숙채류,85.0,42.0,148.7,0.83,3.92,1.84,1.65,8
취나물무침,나물·숙채류,75.0,45.0,252.0,0.61,6.55,1.8,1.82,10
츄러스,빵 및 과자류,105.0,255.8,339.1,10.06,41.88,5.25,6.95,2
치즈 스파게티,면 및 만두류,700.0,693.0,931.0,14.98,106.26,31.5,14.63,3
치즈볼,튀김류,100.0,333.0,532.0,5.48,28.66,9.56,20.0,1
치즈스틱,튀김류,100.0,329.0,596.0,1.84,20.57,12.59,21.85,1
치커리 겉절이,생채·무침류,32.4,18.8,163.9,0.21,2.0,0.94,0.98,3
치커리겉절이,생채·무침류,180.0,39.6,288.0,3.4,6.32,1.3,1.31,1
치커리무침,생채·무침류,151.1,24.2,258.4,1.04,3.55,1.21,0.73,1
치킨가스,튀김류,200.0,592.0,780.0,4.16,44.02,27.92,33.92,1
치킨데리야끼,구이류,117.3,147.6,422.7,3.06,11.93,22.68,1.39,4
칠면조구이,구이류,42.7,88.4,235.3,0.05,0.41,13.07,3.41,1
카레라이스,밥류,586.0,567.0,499.0,5.42,104.92,16.0,9.12,12
카레소스,"장류, 양념류",290.0,203.0,1090.4,6.44,28.27,7.83,6.76,5
카스텔라,빵 및 과자류,70.0,234.5,44.1,23.64,33.59,7.02,8.03,1
카페라떼,음료 및 차류,355.0,181.1,71.0,18.64,24.5,6.04,6.5,3
카페모카,음료 및 차류,355.0,296.4,104.7,27.9,40.63,7.1,12.21,4
칼국수,면 및 만두류,892.5,572.0,1665.0,2.1,103.71,22.94,4.29,24
캘리포니아롤,밥류,300.0,489.0,1296.0,8.91,89.22,12.33,9.06,1
커피,음료 및 차류,100.0,64.5,29.5,5.8,6.14,2.57,3.55,6
커피(타먹는커피),음료 및 차류,100.0,51.0,2.0,6.15,9.81,0.5,1.17,1
케이크,빵 및 과자류,100.0,320.5,160.5,19.2,36.12,6.27,16.59,4
코다리조림,조림류,87.4,66.8,331.4,2.48,4.79,9.06,0.59,10
코다리찜,찜류,200.0,92.0,298.0,1.68,7.48,12.0,1.8,5
콘치즈구이,구이류,150.7,158.2,227.6,4.33,22.97,3.47,5.74,5
콩국수,면 및 만두류,475.0,536.8,991.7,2.61,71.36,25.18,9.21,5
콩나물 국밥,밥류,830.0,493.9,477.2,2.66,86.78,21.58,6.52,2
콩나물 느타리무침,생채·무침류,72.1,32.9,135.2,0.42,3.09,2.21,2.02,4
콩나물 된장국,국 및 탕류,242.2,58.2,648.0,1.35,5.78,6.62,1.66,2
콩나물 선짓국,국 및 탕류,767.0,161.1,1119.8,2.22,13.73,23.78,2.61,3
콩나물 황태국,국 및 탕류,300.0,90.0,387.0,0.9,2.97,13.8,2.61,4
콩나물국,국 및 탕류,270.0,24.0,425.6,0.45,2.76,2.56,0.7,19
콩나물국밥,밥류,830.0,498.0,481.4,3.49,88.73,22.08,6.06,1
콩나물냉채,생채·무침류,50.0,28.7,101.0,2.48,4.75,1.91,0.63,6
콩나물무침,나물·숙채류,50.0,13.5,84.0,0.21,1.32,1.15,0.62,30
콩나물밥,밥류,350.0,415.3,473.9,1.2,79.22,14.1,4.17,8
콩나물잡채,볶음류,112.3,92.0,157.0,1.96,4.33,4.36,6.71,4
콩나물찌개,찌개 및 전골류,250.0,30.0,547.5,0.33,2.73,4.0,0.93,1
콩나물찜,찜류,200.0,112.0,446.0,0.0,9.94,13.34,2.02,1
콩밥,밥류,200.0,276.0,25.0,0.0,62.5,5.9,0.39,3
콩비지찌개,찌개 및 전골류,320.0,150.2,567.0,3.05,13.34,12.86,4.84,4
콩조림,조림류,95.0,188.1,589.0,6.13,21.24,12.82,6.12,4
콩조림(콩자반),조림류,65.0,177.7,663.7,1.06,24.77,12.35,3.26,2
크로와상,빵 및 과자류,150.0,669.0,685.5,9.15,64.97,11.28,40.47,1
크로켓(고로케),빵 및 과자류,100.0,301.0,403.0,3.37,31.19,7.13,16.38,1
키조개구이,구이류,100.0,75.0,881.0,0.66,1.86,8.7,3.41,1
탄탄면,면 및 만두류,599.0,1042.3,2030.6,18.57,125.79,34.32,44.33,1
탕수어,튀김류,113.5,318.9,365.5,9.49,43.96,14.3,8.75,3
탕수육,튀김류,177.6,290.6,422.7,10.45,29.42,16.82,11.3,6
탕평채,생채·무침류,100.0,97.0,260.0,0.4,9.44,3.55,3.81,5
토란국,국 및 탕류,320.0,86.4,582.4,0.83,10.92,5.04,3.49,4
토란대나물,나물·숙채류,50.0,16.0,87.0,0.56,1.94,0.45,0.84,1
토란대나물무침,나물·숙채류,90.0,61.2,199.8,0.35,3.8,4.63,3.04,1
토스트(식빵),빵 및 과자류,230.3,193.5,322.4,6.01,35.81,5.76,3.06,1
톳나물,나물·숙채류,60.0,24.6,111.9,0.83,2.79,1.91,1.06,2
톳나물무침,생채·무침류,90.0,67.5,540.0,6.25,11.05,1.68,1.88,1
트위스터 샌드위치,빵 및 과자류,380.6,213.1,498.6,2.09,13.21,13.7,11.23,3
파강회,"채소, 해조류",85.0,35.7,234.6,2.88,5.38,1.02,1.45,1
파김치,김치류,100.0,49.0,655.0,2.8,8.51,2.5,0.58,1
파래무침,생채·무침류,39.9,14.9,215.4,0.71,2.6,1.08,0.51,8
파래볶음,볶음류,50.7,30.9,30.4,0.05,0.95,0.61,3.02,3
파래전,전·적 및 부침류,40.0,78.8,113.2,0.33,12.71,1.9,2.01,1
파무침,생채·무침류,85.0,34.0,243.1,2.67,4.86,1.1,1.45,6
파운드케이크,빵 및 과자류,170.0,384.2,202.3,15.86,45.34,5.95,20.04,1
파이/만주,빵 및 과자류,85.0,203.8,161.2,14.78,40.82,3.84,2.77,2
파전,전·적 및 부침류,150.0,151.5,450.0,1.23,21.81,6.4,4.66,9
팔보채,볶음류,220.0,181.9,927.9,1.46,4.21,24.58,6.48,3
팝콘,"곡류, 서류 제품",100.0,495.0,302.5,13.9,63.93,7.11,23.45,2
팟타이,면 및 만두류,338.0,738.3,1410.8,29.0,74.07,22.27,39.33,2
팥밥,밥류,275.0,353.5,5.8,0.42,74.97,7.9,0.94,4
팥빙수,유제품류 및 빙과류,300.0,297.0,102.0,35.34,62.97,6.6,2.46,3
팥죽,죽 및 스프류,259.0,178.7,339.0,5.51,35.35,6.99,0.41,5
페이스트리,빵 및 과자류,70.0,323.0,278.6,5.12,30.78,5.9,19.58,2
폭찹,볶음류,99.0,122.8,162.4,3.46,5.67,12.08,5.3,2
표고버섯볶음,볶음류,110.0,38.5,157.3,1.01,4.36,1.87,2.32,4
풋고추된장무침,생채·무침류,50.0,22.5,195.0,1.08,3.97,0.95,0.46,4
풋고추볶음,볶음류,100.0,70.0,276.0,4.34,8.25,1.93,3.23,1
풋고추찜,찜류,125.0,66.8,615.8,1.42,11.32,2.88,1.27,2
풋마늘무침,생채·무침류,81.6,50.6,108.5,4.24,7.83,1.47,1.04,3
프레즐,빵 및 과자류,100.0,312.0,215.0,7.94,55.14,8.37,6.45,1
피망볶음,볶음류,60.8,72.3,239.7,1.31,6.1,0.95,4.99,2
피자,빵 및 과자류,200.0,506.0,882.0,6.8,51.08,21.36,15.17,9
피자빵,빵 및 과자류,200.0,596.0,1274.0,16.22,63.52,17.7,30.1,1
피조개무침,생채·무침류,125.0,83.8,341.8,5.5,10.14,7.9,1.47,2
하이라이스,밥류,360.0,408.8,382.7,3.82,76.82,14.47,5.76,3
함박스테이크,구이류,157.0,263.2,679.2,6.82,16.97,23.55,10.37,7
핫도그,빵 및 과자류,100.0,324.0,455.0,2.43,24.95,8.31,23.17,3
핫케이크,빵 및 과자류,222.0,428.5,752.6,12.3,67.67,10.43,11.5,1
해물 덮밥,밥류,572.0,446.2,389.0,3.95,80.94,21.74,2.23,1
해물 된장국,국 및 탕류,273.8,104.0,874.4,1.83,5.32,16.15,1.9,4
해물 매운탕,찌개 및 전골류,650.0,217.8,1231.8,3.25,12.06,36.4,3.41,2
해물 스파게티,면 및 만두류,700.0,574.0,735.0,13.37,89.32,33.6,7.91,3
해물 완자전,전·적 및 부침류,65.0,142.0,103.1,1.33,9.66,10.0,6.6,4
해물 채소전,전·적 및 부침류,60.0,117.0,160.2,0.74,11.35,6.42,4.66,1
해물볶음,볶음류,168.7,227.7,805.8,6.42,15.61,24.29,7.42,4
해물전골,찌개 및 전골류,500.0,130.0,890.0,2.6,9.75,16.0,3.2,1
해물찜,찜류,771.0,400.0,2536.6,16.5,52.81,42.6,9.8,3
해물칼국수,면 및 만두류,1100.0,847.0,2772.0,2.42,161.04,33.99,4.4,1
해물콩나물찜,찜류,489.6,247.8,714.1,3.75,19.36,33.99,5.23,2
해물탕,찌개 및 전골류,908.0,335.6,3467.2,5.62,20.59,44.88,8.18,2
해물파전,전·적 및 부침류,140.8,172.4,264.7,1.04,16.77,11.28,6.07,4
해신탕,찌개 및 전골류,100.0,57.0,266.0,0.41,2.03,7.93,1.88,1
해장국,국 및 탕류,800.0,208.0,2768.0,3.9,13.5,25.52,5.88,5
해초무침,생채·무침류,100.0,39.0,862.0,3.95,8.52,0.95,0.16,1
해파리냉채,생채·무침류,85.0,26.4,272.9,2.75,4.79,1.27,0.39,3
햄구이,구이류,42.0,74.7,322.6,0.68,0.98,8.78,3.99,4
햄버거,빵 및 과자류,210.0,450.2,856.8,5.99,40.64,19.11,15.35,13
햄볶음,볶음류,220.0,402.6,1766.6,7.33,21.12,23.03,25.01,1
햄부침,전·적 및 부침류,80.5,177.9,331.7,0.64,11.3,12.4,8.11,5
햄샌드위치,빵 및 과자류,180.8,419.3,735.4,4.48,43.15,12.99,21.72,4
햄샐러드,생채·무침류,119.5,150.8,217.5,6.56,18.61,4.93,6.2,4
햄전,전·적 및 부침류,63.5,141.2,341.2,0.66,5.3,9.74,8.61,2
햄채소볶음,볶음류,122.5,122.0,454.4,3.52,6.46,8.64,7.01,4
현미밥,밥류,290.0,351.1,4.2,0.21,75.93,6.64,0.89,8
현미죽,죽 및 스프류,100.0,64.0,1.0,0.4,15.2,1.2,0.4,1
호떡,빵 및 과자류,104.0,152.9,2.1,4.95,20.95,2.81,6.15,5
호박 된장국,국 및 탕류,170.0,28.9,360.4,0.83,3.69,2.04,0.68,4
호박고지볶음,볶음류,120.0,124.8,1093.2,11.98,24.34,2.88,2.6,1
호박나물,나물·숙채류,62.5,29.3,187.4,1.24,2.75,0.58,1.94,2
호박볶음,볶음류,70.0,21.4,132.3,1.19,2.52,0.59,1.15,2
호박오가리나물무침,나물·숙채류,100.0,201.0,1849.0,6.82,21.46,6.14,10.01,1
호박잎 된장국,국 및 탕류,180.0,30.6,329.4,0.97,4.55,2.34,0.67,1
호박전,전·적 및 부침류,65.0,73.3,117.2,0.99,6.7,1.93,4.23,4
호박죽,죽 및 스프류,345.9,131.4,210.0,8.41,26.32,2.42,0.46,5
호박찌개,찌개 및 전골류,290.0,105.4,806.9,3.68,14.45,5.72,2.69,2
혼합잡곡밥,밥류,250.0,295.0,5.0,0.34,64.08,5.88,0.8,4
홍어무침,생채·무침류,200.0,198.0,802.0,14.46,25.96,17.86,2.64,1
홍어찌개,찌개 및 전골류,625.0,318.8,525.0,4.94,19.69,48.12,6.06,1
홍어찜,찜류,250.0,102.5,667.5,0.72,3.73,18.0,1.35,1
홍어회무침,생채·무침류,155.8,114.3,986.8,6.61,12.24,12.23,2.14,2
홍합 무국,국 및 탕류,170.7,32.4,145.1,0.34,2.32,4.61,0.41,3
홍합 미나리죽,죽 및 스프류,256.9,164.8,220.1,1.98,33.79,4.89,0.78,2
홍합 미역국,국 및 탕류,246.0,30.7,457.0,0.0,2.02,3.46,1.14,4
홍합 소고기죽,죽 및 스프류,225.8,293.5,182.0,1.45,40.26,14.0,7.23,3
홍합국(홍합탕),국 및 탕류,300.0,51.0,411.0,0.12,2.25,8.4,0.72,4
홍합산적,전·적 및 부침류,80.0,156.8,720.0,3.34,10.58,17.78,4.8,1
홍합탕,국 및 탕류,100.0,29.0,303.0,0.0,2.28,3.68,0.57,1
화양적,전·적 및 부침류,134.8,213.0,706.8,1.3,14.49,13.01,11.39,2
황태구이,구이류,185.0,341.4,826.4,9.08,18.47,41.44,10.91,2
황태콩나물찜,찜류,650.0,533.0,1586.0,11.31,44.98,66.11,12.94,1
황태해장국,국 및 탕류,600.0,180.0,1536.0,1.5,5.7,24.48,6.78,1
회냉면,면 및 만두류,732.6,586.1,2153.8,10.48,105.35,24.91,6.37,1
회덮밥,밥류,536.0,606.1,558.0,10.85,99.94,29.11,13.37,4
회무침,생채·무침류,250.0,205.0,814.2,12.58,21.5,22.59,4.12,3
훈제오리,구이류,250.0,797.5,1220.0,0.28,12.07,43.05,64.08,1
훠궈,찌개 및 전골류,100.0,93.0,390.0,1.13,6.83,4.81,5.11,1
흑미밥,밥류,285.0,343.4,4.6,0.09,74.38,6.21,0.6,6
흑임자 죽,죽 및 스프류,259.0,274.5,336.7,0.39,42.37,5.7,8.73,1
흑임자죽,죽 및 스프류,400.0,244.0,636.0,3.0,14.56,4.4,18.92,1
흰죽,죽 및 스프류,291.9,186.8,379.5,0.26,39.38,3.5,0.82,3
